PLAYER_ID,PLAYER_NAME,TEAM_ID,TEAM_ABBREVIATION,AGE,GP,W,L,W_PCT,MIN14,FGM14,FGA14,FG_PCT14,FG3M14,FG3A14,FG3_PCT14,FTM14,FTA14,FT_PCT14,OREB14,DREB14,REB14,AST14,TOV14,STL14,BLK14,BLKA14,PF14,PFD14,PTS14,PLUS_MINUS14,DD2,TD3,CFID,CFPARAMS
708,Kevin Garnett,1610612750,MIN,39,47,20,27,0.426,20.3,3,6.5,0.467,0,0.1,0.143,0.8,1,0.8,1,5.6,6.6,1.6,1,1,0.4,0.1,2.3,1.3,6.9,-0.4,3,0,5,"7,081,610,612,750"
977,Kobe Bryant,1610612747,LAL,36,35,10,25,0.286,34.5,7.6,20.4,0.373,1.5,5.3,0.293,5.6,6.9,0.813,0.7,4.9,5.7,5.6,3.7,1.3,0.2,0.8,1.9,5.1,22.3,-8.4,4,2,5,"9,771,610,612,747"
1495,Tim Duncan,1610612759,SAS,39,77,53,24,0.688,28.9,5.4,10.6,0.512,0,0.1,0.286,3,4,0.74,2.2,6.9,9.1,3,1.7,0.8,2,0.9,2.1,3.1,13.9,4,33,1,5,"14,951,610,612,759"
1713,Vince Carter,1610612763,MEM,38,66,45,21,0.682,16.5,2,6.2,0.333,1,3.5,0.297,0.7,0.9,0.789,0.4,1.6,2,1.2,0.7,0.7,0.2,0.2,1.5,1.1,5.8,0.5,0,0,5,"17,131,610,612,763"
1717,Dirk Nowitzki,1610612742,DAL,37,77,47,30,0.61,29.6,6.3,13.8,0.459,1.4,3.6,0.38,3.3,3.8,0.882,0.6,5.4,5.9,1.9,1.1,0.5,0.4,0.3,2.1,3.9,17.3,3.1,6,0,5,"17,171,610,612,742"
1718,Paul Pierce,1610612764,WAS,37,73,40,33,0.548,26.2,4,9,0.447,1.6,4.2,0.389,2.2,2.9,0.781,0.6,3.4,4,2,1.3,0.6,0.3,0.4,2.2,2.3,11.9,2.2,2,0,5,"17,181,610,612,764"
1737,Nazr Mohammed,1610612741,CHI,37,23,13,10,0.565,5.6,0.6,1.3,0.433,0,0,0,0,0.1,0.333,0.5,1.2,1.7,0.1,0.3,0.2,0.2,0.1,0.7,0.1,1.2,0.4,0,0,5,"17,371,610,612,741"
1882,Elton Brand,1610612737,ATL,36,36,25,11,0.694,13.5,1.2,2.6,0.442,0,0,0,0.3,0.6,0.522,0.8,2,2.8,0.6,0.5,0.5,0.7,0.1,1.5,1,2.7,0.1,0,0,5,"18,821,610,612,737"
1889,Andre Miller,1610612758,SAC,39,81,44,37,0.543,15.5,1.8,3.6,0.5,0.1,0.4,0.206,0.7,1,0.753,0.5,1.4,1.9,3.5,1.3,0.4,0.1,0.4,1.3,1.1,4.4,-1.6,1,0,5,"18,891,610,612,758"
1890,Shawn Marion,1610612739,CLE,37,57,36,21,0.632,19.3,2.1,4.7,0.446,0.2,0.8,0.261,0.5,0.6,0.765,1.1,2.4,3.5,0.9,0.6,0.5,0.5,0.4,1,0.5,4.8,0.9,0,0,5,"18,901,610,612,739"
1891,Jason Terry,1610612745,HOU,37,77,53,24,0.688,21.3,2.4,5.8,0.422,1.6,4.2,0.39,0.5,0.6,0.813,0.2,1.4,1.6,1.9,1,0.9,0.2,0.1,1.5,0.4,7,1.8,0,0,5,"18,911,610,612,745"
1905,Andrei Kirilenko,1610612751,BKN,34,7,3,4,0.429,5.2,0,0.7,0,0,0,0,0.4,0.6,0.75,0.3,0.9,1.1,0.1,0.1,0.1,0,0.3,0.1,0.3,0.4,-4,0,0,5,"19,051,610,612,751"
1938,Manu Ginobili,1610612759,SAS,37,70,47,23,0.671,22.7,3.6,8.4,0.426,1.3,3.7,0.345,2.1,2.9,0.721,0.4,2.6,3,4.2,2.2,1,0.3,0.5,2,3.2,10.5,4.5,3,0,5,"19,381,610,612,759"
2030,Kenyon Martin,1610612749,MIL,37,11,7,4,0.636,9.5,0.8,2,0.409,0,0,0,0.2,0.2,1,0.5,1.2,1.7,0.5,0.3,0.5,0.5,0.3,1.2,0.1,1.8,-0.8,0,0,5,"20,301,610,612,749"
2034,Mike Miller,1610612739,CLE,35,52,31,21,0.596,13.5,0.7,2.2,0.325,0.6,1.9,0.327,0.1,0.1,0.75,0.1,1.7,1.8,0.9,0.4,0.3,0.1,0.1,1.4,0.1,2.1,-1.4,0,0,5,"20,341,610,612,739"
2037,Jamal Crawford,1610612746,LAC,35,64,44,20,0.688,26.6,5.2,13.1,0.396,1.9,5.7,0.327,3.5,3.9,0.901,0.3,1.7,1.9,2.5,1.4,0.9,0.2,0.3,1.7,2.6,15.8,1.3,0,0,5,"20,371,610,612,746"
2045,Hedo Turkoglu,1610612746,LAC,36,62,42,20,0.677,11.4,1.3,3,0.441,1,2.2,0.432,0.1,0.2,0.545,0.1,1.5,1.6,0.6,0.5,0.3,0.1,0,1.1,0.3,3.7,0.2,0,0,5,"20,451,610,612,746"
2199,Tyson Chandler,1610612742,DAL,32,75,47,28,0.627,30.5,3.9,5.9,0.666,0,0,0,2.5,3.4,0.72,3.9,7.6,11.5,1.1,1.4,0.6,1.2,0.4,2.3,3.3,10.3,3.1,31,0,5,"21,991,610,612,742"
2200,Pau Gasol,1610612741,CHI,34,78,48,30,0.615,34.4,7.3,14.8,0.494,0.2,0.3,0.462,3.8,4.7,0.803,2.8,9,11.8,2.7,2,0.3,1.9,0.8,1.9,4.2,18.5,2.4,54,0,5,"22,001,610,612,741"
2202,Jason Richardson,1610612755,PHI,34,19,4,15,0.211,21.9,3.3,9.4,0.348,1.6,5.1,0.323,0.9,1.2,0.773,0.7,2.8,3.5,2,0.8,0.7,0.2,0.1,1.5,1.2,9.1,-3.7,0,0,5,"22,021,610,612,755"
2207,Joe Johnson,1610612751,BKN,34,80,38,42,0.475,34.9,5.6,12.8,0.435,1.5,4.2,0.359,1.8,2.2,0.801,0.7,4.1,4.8,3.7,1.7,0.7,0.2,0.3,1.5,2.2,14.4,-1.5,3,0,5,"22,071,610,612,751"
2210,Richard Jefferson,1610612742,DAL,35,74,46,28,0.622,16.8,1.9,4.4,0.444,0.9,2.1,0.426,1.1,1.5,0.684,0.3,2.1,2.5,0.8,0.7,0.4,0.1,0.3,1.6,1.3,5.8,0.2,2,0,5,"22,101,610,612,742"
2216,Zach Randolph,1610612763,MEM,33,71,51,20,0.718,32.4,6.4,13.1,0.487,0.1,0.3,0.35,3.2,4.2,0.765,3.2,7.4,10.5,2.2,2.2,1,0.2,1.2,2.5,4.1,16.1,4.8,38,0,5,"22,161,610,612,763"
2217,Brendan Haywood,1610612739,CLE,35,22,14,8,0.636,5.4,0.6,1.4,0.467,0,0,0,0.3,0.6,0.538,0.3,1,1.3,0.1,0.5,0.1,0.5,0.1,0.8,0.5,1.6,-2.3,0,0,5,"22,171,610,612,739"
2222,Gerald Wallace,1610612738,BOS,32,32,15,17,0.469,8.9,0.4,1.1,0.412,0,0.1,0.333,0.2,0.5,0.4,0.5,1.3,1.8,0.3,0.6,0.5,0.1,0.2,0.6,0.7,1.1,0.9,0,0,5,"22,221,610,612,738"
2223,Samuel Dalembert,1610612752,NYK,34,32,5,27,0.156,17,1.8,4.1,0.438,0,0,0,0.4,0.6,0.7,1.7,3.6,5.3,0.9,1.2,0.4,1.3,0.2,2.2,0.9,4,-5.4,1,0,5,"22,231,610,612,752"
2225,Tony Parker,1610612759,SAS,33,68,48,20,0.706,28.7,5.9,12.2,0.486,0.6,1.3,0.427,1.9,2.4,0.783,0.2,1.7,1.9,4.9,2.1,0.6,0,0.7,1.6,2.2,14.4,2.9,1,0,5,"22,251,610,612,759"
2365,Chris Andersen,1610612748,MIA,36,60,27,33,0.45,18.9,2,3.5,0.58,0.1,0.2,0.308,1.3,1.9,0.667,1.3,3.7,5,0.7,0.7,0.4,1,0.4,1.5,1.8,5.3,-0.1,1,0,5,"23,651,610,612,748"
2399,Mike Dunleavy,1610612741,CHI,34,63,41,22,0.651,29.2,3.3,7.6,0.435,1.7,4.2,0.407,1.1,1.4,0.805,0.4,3.5,3.9,1.8,1,0.6,0.3,0.2,2,1.2,9.4,3.3,0,0,5,"23,991,610,612,741"
2400,Drew Gooden,1610612764,WAS,33,51,31,20,0.608,16.9,2.2,5.4,0.399,0.5,1.2,0.39,0.7,0.9,0.773,1.4,3,4.4,1,0.5,0.4,0.2,0.3,1.8,1.1,5.4,0,2,0,5,"24,001,610,612,764"
2403,Nene,1610612764,WAS,32,67,37,30,0.552,25.3,4.6,9,0.511,0,0.1,0.2,1.8,3,0.604,1.3,3.9,5.1,1.8,1.9,1,0.3,0.6,2.7,3.3,11,2.5,2,0,5,"24,031,610,612,764"
2405,Amar'e Stoudemire,1610612742,DAL,32,59,19,40,0.322,21.1,4.6,8.3,0.557,0,0.1,0,2.3,3.2,0.72,1.9,3.7,5.6,0.8,1.3,0.5,0.6,0.7,2.7,3.2,11.5,-1,4,0,5,"24,051,610,612,742"
2406,Caron Butler,1610612765,DET,35,78,30,48,0.385,20.8,2.1,5.1,0.407,1.1,2.8,0.379,0.7,0.8,0.902,0.3,2.2,2.5,1,0.6,0.6,0.1,0.1,1.5,0.6,5.9,-0.3,0,0,5,"24,061,610,612,765"
2419,Tayshaun Prince,1610612765,DET,35,58,27,31,0.466,24.1,3.1,6.9,0.44,0.5,1.2,0.463,0.8,1.1,0.754,0.9,2.7,3.6,1.6,0.6,0.5,0.3,0.2,0.9,1,7.5,-2.2,0,0,5,"24,191,610,612,765"
2422,John Salmons,1610612740,NOP,35,21,9,12,0.429,12.8,0.8,2.3,0.333,0.4,1.2,0.308,0.1,0.2,0.5,0.2,0.8,1,0.6,0.2,0.4,0.2,0,1.2,0.2,2,-3,0,0,5,"24,221,610,612,740"
2430,Carlos Boozer,1610612747,LAL,33,71,18,53,0.254,23.8,5.2,10.5,0.499,0,0,0,1.3,2.1,0.627,1.6,5.2,6.8,1.3,1.3,0.6,0.2,0.9,2.6,1.5,11.8,-4.5,10,0,5,"24,301,610,612,747"
2440,Matt Barnes,1610612746,LAC,35,76,51,25,0.671,29.9,3.6,8.2,0.444,1.8,4.9,0.362,1,1.3,0.779,0.7,3.3,4,1.5,1.1,0.9,0.7,0.4,3.2,1.2,10.1,7,1,0,5,"24,401,610,612,746"
2446,Rasual Butler,1610612764,WAS,36,75,39,36,0.52,20.1,2.9,6.9,0.422,1.2,3.1,0.387,0.7,0.9,0.791,0.4,2.3,2.6,0.8,0.6,0.4,0.3,0.2,1.3,0.7,7.7,-0.7,0,0,5,"24,461,610,612,764"
2449,Luis Scola,1610612754,IND,35,81,37,44,0.457,20.5,3.7,7.9,0.467,0.1,0.2,0.25,2,2.8,0.699,1.7,4.8,6.5,1.3,1.2,0.6,0.2,0.6,2.4,2.7,9.4,0.5,9,0,5,"24,491,610,612,754"
2457,Jannero Pargo,1610612766,CHA,35,9,2,7,0.222,8.1,1.7,3.9,0.429,1,2.4,0.409,0.2,0.2,1,0,0.3,0.3,0.9,0.3,0,0,0.1,0.9,0.6,4.6,-0.1,0,0,5,"24,571,610,612,766"
2501,Reggie Evans,1610612758,SAC,35,47,16,31,0.34,16.3,1.2,2.9,0.423,0,0,0,1.3,2.1,0.619,2.1,4.3,6.4,0.7,1,0.5,0.1,0.7,1.9,1.7,3.7,-0.9,2,0,5,"25,011,610,612,758"
2544,LeBron James,1610612739,CLE,30,69,50,19,0.725,36.1,9,18.5,0.488,1.7,4.9,0.354,5.4,7.7,0.71,0.7,5.3,6,7.4,3.9,1.6,0.7,0.7,2,6,25.3,7.8,22,2,5,"25,441,610,612,739"
2546,Carmelo Anthony,1610612752,NYK,31,40,10,30,0.25,35.7,9,20.2,0.444,1.5,4.5,0.341,4.7,5.9,0.797,1.8,4.8,6.6,3.1,2.2,1,0.4,0.9,2.2,5.1,24.2,-2.7,5,0,5,"25,461,610,612,752"
2547,Chris Bosh,1610612748,MIA,31,44,19,25,0.432,35.4,7.8,16.9,0.46,1.4,3.8,0.375,4.1,5.3,0.772,1,6,7,2.2,2.2,0.9,0.6,0.7,1.6,3.5,21.1,-2.3,7,0,5,"25,471,610,612,748"
2548,Dwyane Wade,1610612748,MIA,33,62,28,34,0.452,31.8,8.2,17.5,0.47,0.5,1.6,0.284,4.6,6,0.768,0.9,2.6,3.5,4.8,3.4,1.2,0.3,0.7,1.7,4.1,21.5,-0.9,3,0,5,"25,481,610,612,748"
2549,Chris Kaman,1610612757,POR,33,74,47,27,0.635,18.9,3.8,7.4,0.515,0,0,0,1,1.4,0.706,2,4.5,6.5,0.9,1.5,0.2,0.7,0.5,1.9,1.3,8.6,-0.1,4,0,5,"25,491,610,612,757"
2550,Kirk Hinrich,1610612741,CHI,34,66,37,29,0.561,24.4,2.2,5.8,0.373,0.9,2.5,0.345,0.5,0.8,0.7,0.3,1.5,1.8,2.2,1.1,0.7,0.2,0.4,2.2,1,5.7,0.6,0,0,5,"25,501,610,612,741"
2555,Nick Collison,1610612760,OKC,34,66,38,28,0.576,16.7,1.6,3.8,0.419,0.2,0.9,0.267,0.7,1,0.692,1.4,2.4,3.8,1.4,0.7,0.5,0.4,0.2,2.4,1.2,4.1,1.3,0,0,5,"25,551,610,612,760"
2557,Luke Ridnour,1610612753,ORL,34,47,13,34,0.277,14.5,1.6,3.7,0.426,0.4,1.3,0.317,0.4,0.4,0.857,0.2,1.3,1.4,2,0.8,0.4,0.1,0.1,1.4,1,4,-2.7,0,0,5,"25,571,610,612,753"
2561,David West,1610612754,IND,34,66,32,34,0.485,28.7,4.9,10.4,0.471,0.1,0.3,0.2,1.8,2.4,0.739,1.6,5.2,6.8,3.4,1.8,0.7,0.7,0.4,2.4,2.3,11.7,-0.3,7,0,5,"25,611,610,612,754"
2563,Dahntay Jones,1610612746,LAC,34,33,23,10,0.697,3.7,0.2,0.6,0.286,0,0.1,0,0.3,0.3,0.818,0,0.3,0.3,0.1,0,0.1,0,0,0.7,0.3,0.6,-2.5,0,0,5,"25,631,610,612,746"
2564,Boris Diaw,1610612759,SAS,33,81,55,26,0.679,24.5,3.6,7.8,0.46,0.7,2.1,0.32,0.9,1.1,0.774,1,3.3,4.3,2.9,1.6,0.4,0.3,0.3,1.8,1.3,8.7,3.6,1,0,5,"25,641,610,612,759"
2570,Kendrick Perkins,1610612739,CLE,30,68,38,30,0.559,16.9,1.5,3.3,0.449,0,0,0,0.6,1.2,0.506,1.3,3.4,4.7,0.8,1.4,0.2,0.6,0.4,2.4,1.2,3.6,0.3,0,0,5,"25,701,610,612,739"
2571,Leandro Barbosa,1610612744,GSW,32,66,54,12,0.818,14.9,2.8,5.8,0.474,0.7,1.7,0.384,0.9,1.1,0.784,0.3,1,1.4,1.5,0.7,0.6,0.1,0.2,1.3,0.9,7.1,-0.1,0,0,5,"25,711,610,612,744"
2581,Steve Blake,1610612757,POR,35,81,51,30,0.63,18.9,1.5,4,0.373,1,2.7,0.352,0.4,0.5,0.707,0.2,1.5,1.7,3.6,1.3,0.5,0.1,0.1,1.5,1,4.3,1.4,0,0,5,"25,811,610,612,757"
2584,Willie Green,1610612753,ORL,33,52,15,37,0.288,18.3,2.3,5.9,0.386,0.8,2.3,0.347,0.5,0.7,0.824,0.3,1.3,1.5,1.3,0.9,0.5,0.1,0.2,1.6,0.8,5.9,-1.7,0,0,5,"25,841,610,612,753"
2585,Zaza Pachulia,1610612749,MIL,31,73,34,39,0.466,23.7,3.3,7.2,0.454,0,0,0,1.7,2.2,0.788,2.7,4.2,6.8,2.4,1.8,1.1,0.3,0.5,2.3,2.2,8.3,3.6,15,0,5,"25,851,610,612,749"
2588,Matt Bonner,1610612759,SAS,35,72,49,23,0.681,13,1.3,3.2,0.409,0.6,1.8,0.365,0.4,0.5,0.811,0.4,1.2,1.6,0.7,0.2,0.1,0.2,0.1,0.9,0.3,3.7,0.5,0,0,5,"25,881,610,612,759"
2590,Mo Williams,1610612766,CHA,32,68,20,48,0.294,29.1,5,12.6,0.397,1.8,5.1,0.342,2.4,2.8,0.872,0.3,2.2,2.6,6.2,2.5,0.7,0.2,0.3,2.4,2.1,14.2,-1.5,13,0,5,"25,901,610,612,766"
2592,James Jones,1610612739,CLE,34,57,35,22,0.614,11.7,1.3,3.5,0.368,1.1,3.1,0.36,0.7,0.8,0.848,0.2,0.9,1.1,0.4,0.2,0.2,0.1,0.1,1.2,0.7,4.4,-1.9,0,0,5,"25,921,610,612,739"
2594,Kyle Korver,1610612737,ATL,34,75,58,17,0.773,32.2,3.9,8,0.487,2.9,6,0.492,1.4,1.6,0.898,0.2,3.9,4.1,2.6,1.4,0.7,0.6,0.2,1.9,1.6,12.1,8.3,1,0,5,"25,941,610,612,737"
2617,Udonis Haslem,1610612748,MIA,35,62,31,31,0.5,16,1.7,3.9,0.448,0,0.2,0.2,0.7,1,0.703,1.1,3,4.2,0.7,0.7,0.3,0.2,0.4,1.8,1.2,4.2,-2.5,3,0,5,"26,171,610,612,748"
2730,Dwight Howard,1610612745,HOU,29,41,29,12,0.707,29.8,6.1,10.3,0.593,0,0,0.5,3.5,6.6,0.528,2.7,7.8,10.5,1.2,2.8,0.7,1.3,0.9,3.3,5.6,15.8,5.2,23,0,5,"27,301,610,612,745"
2732,Ben Gordon,1610612753,ORL,32,56,17,39,0.304,14.1,2.3,5.3,0.437,0.6,1.7,0.361,1,1.2,0.836,0.1,1,1.1,0.9,1,0.3,0,0.3,1.1,1.2,6.2,-2.4,0,0,5,"27,321,610,612,753"
2733,Shaun Livingston,1610612744,GSW,29,78,64,14,0.821,18.8,2.5,5.1,0.5,0,0,0,0.8,1.2,0.714,0.6,1.8,2.3,3.3,1.3,0.6,0.3,0.2,1.4,1.2,5.9,0.7,1,0,5,"27,331,610,612,744"
2734,Devin Harris,1610612742,DAL,32,76,45,31,0.592,22.2,2.9,6.9,0.418,1.3,3.5,0.357,1.7,2.1,0.815,0.2,1.6,1.8,3.1,1.1,1,0.2,0.3,1.9,2.5,8.8,1.3,0,0,5,"27,341,610,612,742"
2736,Luol Deng,1610612748,MIA,30,72,33,39,0.458,33.6,5.1,10.9,0.469,1.1,3.1,0.355,2.7,3.5,0.761,1.4,3.8,5.2,1.9,1.5,0.9,0.3,0.6,1.5,2.7,14,-0.1,5,0,5,"27,361,610,612,748"
2738,Andre Iguodala,1610612744,GSW,31,77,64,13,0.831,26.9,3,6.4,0.466,1,2.8,0.349,0.9,1.5,0.596,0.6,2.8,3.3,3,1.1,1.2,0.3,0.1,1.3,1.7,7.8,5.7,0,0,5,"27,381,610,612,744"
2742,Sebastian Telfair,1610612760,OKC,30,16,4,12,0.25,20.4,2.9,7.8,0.368,1.1,3.8,0.3,1.5,2.1,0.706,0.1,1.8,1.9,2.8,1.1,0.6,0,0.6,1.8,2.3,8.4,-3.9,0,0,5,"27,421,610,612,760"
2743,Kris Humphries,1610612764,WAS,30,64,37,27,0.578,21,3.3,7,0.473,0,0.1,0,1.4,1.8,0.744,1.8,4.7,6.5,0.9,0.7,0.5,0.4,0.4,2,2,8,-1.4,3,0,5,"27,431,610,612,764"
2744,Al Jefferson,1610612766,CHA,30,65,25,40,0.385,30.6,7.5,15.5,0.481,0,0.1,0.4,1.7,2.5,0.655,1.5,6.9,8.4,1.7,1,0.7,1.3,0.8,2.1,2.1,16.6,-1.8,22,0,5,"27,441,610,612,766"
2746,Josh Smith,1610612745,HOU,29,83,41,42,0.494,27.7,5,11.9,0.419,0.9,2.7,0.316,1.5,3.1,0.498,1.8,4.6,6.4,3.3,2.5,1,1.4,0.6,2.7,2.3,12.4,0.2,15,0,5,"27,461,610,612,745"
2747,J.R. Smith,1610612739,CLE,29,70,38,32,0.543,29.7,4.5,10.8,0.417,2.3,6.1,0.383,0.8,1,0.75,0.4,2.7,3.1,2.8,1.4,1.2,0.3,0.2,2.3,1.1,12.1,2.3,0,0,5,"27,471,610,612,739"
2748,Dorell Wright,1610612757,POR,29,48,28,20,0.583,12.3,1.5,4,0.379,0.9,2.3,0.38,0.7,0.9,0.81,0.3,2,2.3,0.9,0.4,0.4,0.2,0.1,1.1,0.8,4.6,1.6,0,0,5,"27,481,610,612,757"
2749,Jameer Nelson,1610612743,DEN,33,63,25,38,0.397,22.3,3.3,8,0.407,1.4,4.1,0.345,0.4,0.6,0.667,0.5,1.8,2.3,4,1.7,0.7,0.1,0.3,2.2,1.1,8.3,-0.2,0,0,5,"27,491,610,612,743"
2754,Tony Allen,1610612763,MEM,33,63,46,17,0.73,26.2,3.6,7.2,0.495,0.2,0.5,0.345,1.3,2,0.627,1.6,2.8,4.4,1.4,1.4,2,0.5,0.8,2.6,1.5,8.6,4,2,0,5,"27,541,610,612,763"
2755,Kevin Martin,1610612750,MIN,32,39,11,28,0.282,33.4,6.8,16,0.427,1.9,4.9,0.393,4.4,4.9,0.881,0.5,3.2,3.6,2.3,1.9,0.8,0,0.6,1.9,3.2,20,-6.5,0,0,5,"27,551,610,612,750"
2757,Beno Udrih,1610612763,MEM,32,79,55,24,0.696,18.9,3.1,6.4,0.487,0.3,1.2,0.268,1.1,1.3,0.853,0.3,1.6,1.8,2.8,1.1,0.6,0.1,0.3,1.1,1.2,7.7,-0.1,0,0,5,"27,571,610,612,763"
2760,Anderson Varejao,1610612739,CLE,32,26,16,10,0.615,24.4,4.3,7.7,0.555,0,0.1,0,1.3,1.7,0.733,2.2,4.3,6.5,1.3,1.3,0.7,0.6,0.6,2.2,1.8,9.8,0.2,2,0,5,"27,601,610,612,739"
2772,Trevor Ariza,1610612745,HOU,29,82,56,26,0.683,35.7,4.5,11.1,0.402,2.4,6.8,0.35,1.5,1.7,0.853,0.9,4.7,5.6,2.5,1.7,1.9,0.2,0.4,2.3,1.5,12.8,2.9,3,0,5,"27,721,610,612,745"
2853,Earl Barron,1610612756,PHX,33,16,5,11,0.313,8.9,0.8,2.4,0.308,0.1,0.3,0.5,0.4,0.8,0.5,0.9,0.9,1.8,0.3,0.3,0.3,0.1,0.1,1.6,0.7,2,-3.6,0,0,5,"28,531,610,612,756"
101106,Andrew Bogut,1610612744,GSW,30,67,58,9,0.866,23.6,3,5.3,0.563,0,0,0,0.3,0.6,0.524,2.1,6,8.1,2.7,1.6,0.6,1.7,0.3,2.8,1.1,6.3,8,6,0,5,"1,011,061,610,612,740"
101107,Marvin Williams,1610612766,CHA,29,78,32,46,0.41,26.1,2.7,6.3,0.424,1.2,3.4,0.358,0.8,1.1,0.713,0.7,4.2,4.9,1.3,0.8,0.9,0.5,0.2,1.9,1,7.4,-2,1,0,5,"1,011,071,610,612,760"
101108,Chris Paul,1610612746,LAC,30,82,56,26,0.683,34.8,6.9,14.3,0.485,1.7,4.3,0.398,3.5,3.9,0.9,0.6,4,4.6,10.2,2.3,1.9,0.2,0.3,2.5,3.6,19.1,9,40,1,5,"1,011,081,610,612,740"
101109,Raymond Felton,1610612742,DAL,31,29,14,15,0.483,9.7,1.5,3.7,0.406,0.3,1.2,0.294,0.4,0.5,0.8,0.1,0.8,0.9,1.4,0.6,0.4,0.1,0.2,0.6,0.6,3.7,-0.7,0,0,5,"1,011,091,610,612,740"
101110,Martell Webster,1610612764,WAS,28,32,12,20,0.375,11,0.8,2.8,0.264,0.3,1.3,0.233,1.5,2,0.75,0.3,1.1,1.4,0.5,0.7,0.2,0,0.1,0.8,1.2,3.3,-4.2,0,0,5,"1,011,101,610,612,760"
101111,Charlie Villanueva,1610612742,DAL,30,64,37,27,0.578,10.6,2.3,5.7,0.414,1.3,3.5,0.376,0.3,0.5,0.571,0.5,1.9,2.3,0.3,0.4,0.2,0.3,0.2,1,0.4,6.3,-0.9,0,0,5,"1,011,111,610,612,740"
101112,Channing Frye,1610612753,ORL,32,75,23,52,0.307,24.9,2.5,6.5,0.392,1.8,4.6,0.393,0.4,0.5,0.886,0.4,3.5,3.9,1.3,1,0.6,0.5,0.1,2.5,1.1,7.3,-3.3,2,0,5,"1,011,121,610,612,750"
101114,Deron Williams,1610612751,BKN,31,68,34,34,0.5,31.1,4.4,11.3,0.387,1.3,3.5,0.367,3,3.5,0.834,0.4,3.1,3.5,6.6,2.3,0.9,0.3,0.5,2.3,3.1,13,-0.2,11,0,5,"1,011,141,610,612,750"
101122,Danny Granger,1610612756,PHX,32,30,11,19,0.367,20.4,2.2,5.4,0.401,1,2.8,0.357,0.9,1.2,0.757,0.7,2,2.7,0.6,0.8,0.4,0.2,0.3,2.2,1,6.3,-3.5,0,0,5,"1,011,221,610,612,750"
101123,Gerald Green,1610612756,PHX,29,74,34,40,0.459,19.5,4.4,10.5,0.416,1.9,5.2,0.354,1.3,1.6,0.825,0.4,2.1,2.5,1.2,1.4,0.6,0.2,0.2,2,1.5,11.9,-0.1,0,0,5,"1,011,231,610,612,750"
101126,Nate Robinson,1610612746,LAC,31,42,22,20,0.524,14.1,2.1,6.1,0.345,0.7,2.7,0.277,0.7,1.1,0.674,0.4,0.8,1.2,2.3,0.7,0.5,0.1,0.2,1.8,1,5.7,-3,0,0,5,"1,011,261,610,612,740"
101127,Jarrett Jack,1610612751,BKN,31,80,36,44,0.45,28,4.5,10.2,0.439,0.5,1.8,0.267,2.5,2.8,0.881,0.2,2.8,3.1,4.7,2.4,0.9,0.2,0.4,1.8,2.4,12,-3.9,5,0,5,"1,011,271,610,612,750"
101128,Francisco Garcia,1610612745,HOU,33,14,10,4,0.714,14.3,1.2,4.5,0.27,0.7,3.2,0.222,0.1,0.3,0.25,0.2,1,1.2,1.1,0.7,0.6,0.4,0.1,1.4,0.7,3.2,-0.7,0,0,5,"1,011,281,610,612,740"
101131,Jason Maxiell,1610612766,CHA,32,61,22,39,0.361,14.4,1.3,3.1,0.422,0,0,0,0.7,1.2,0.577,1.4,1.9,3.3,0.3,0.5,0.3,0.7,0.3,1.6,1.4,3.3,-2.5,0,0,5,"1,011,311,610,612,760"
101133,Ian Mahinmi,1610612754,IND,28,61,28,33,0.459,18.8,1.9,3.5,0.552,0,0,0,0.5,1.7,0.304,1.7,4.1,5.8,0.5,1,0.5,0.8,0.3,2.8,1.8,4.3,-0.1,2,0,5,"1,011,331,610,612,750"
101135,David Lee,1610612744,GSW,32,49,37,12,0.755,18.5,3.3,6.4,0.511,0,0,0,1.4,2.1,0.654,1.7,3.6,5.2,1.7,1,0.6,0.5,0.4,1.7,1.4,7.9,0.5,1,0,5,"1,011,351,610,612,740"
101138,Brandon Bass,1610612738,BOS,30,82,40,42,0.488,23.5,4.2,8.3,0.504,0.1,0.4,0.281,2.1,2.6,0.79,1.7,3.2,4.9,1.3,1,0.5,0.4,0.7,1.7,1.9,10.6,-2.2,5,0,5,"1,011,381,610,612,730"
101139,CJ Miles,1610612754,IND,28,70,31,39,0.443,26.3,4.7,11.8,0.398,2.2,6.4,0.345,1.9,2.3,0.807,0.3,2.8,3.1,1.1,1,0.9,0.4,0.4,1.9,1.8,13.5,2.3,1,0,5,"1,011,391,610,612,750"
101141,Ersan Ilyasova,1610612749,MIL,28,58,26,32,0.448,22.7,4.5,9.6,0.472,1.3,3.3,0.389,1.2,1.8,0.645,1.4,3.4,4.8,1,0.8,0.6,0.3,0.5,2.6,2.7,11.5,0.4,6,0,5,"1,011,411,610,612,740"
101142,Ronny Turiaf,1610612750,MIN,32,2,0,2,0,9.7,0,0,0,0,0,0,0,0,0,0,0.5,0.5,1,0,0,0,0,0,0,0,-4,0,0,5,"1,011,421,610,612,750"
101145,Monta Ellis,1610612742,DAL,29,80,50,30,0.625,33.7,7.5,16.9,0.445,1,3.6,0.285,2.9,3.8,0.752,0.4,2,2.4,4.1,2.5,1.9,0.3,0.5,2.5,3.6,18.9,2.7,3,0,5,"1,011,451,610,612,740"
101150,Lou Williams,1610612761,TOR,28,80,48,32,0.6,25.2,4.7,11.6,0.404,1.9,5.6,0.34,4.3,4.9,0.861,0.3,1.6,1.9,2.1,1.3,1.1,0.1,0.6,1.3,3.2,15.5,3.7,0,0,5,"1,011,501,610,612,760"
101161,Amir Johnson,1610612761,TOR,28,75,44,31,0.587,26.4,4,6.9,0.574,0.3,0.6,0.413,1.1,1.7,0.612,2.1,4,6.1,1.6,1.5,0.6,0.8,0.7,3,1.7,9.3,0.8,6,0,5,"1,011,611,610,612,760"
101162,Marcin Gortat,1610612764,WAS,31,82,46,36,0.561,29.9,5.4,9.5,0.566,0,0,0,1.5,2.1,0.703,2.2,6.5,8.7,1.2,1.2,0.6,1.3,0.6,2.3,2,12.2,3.1,22,0,5,"1,011,621,610,612,760"
101179,Ronnie Price,1610612747,LAL,32,43,13,30,0.302,22.8,1.8,5.2,0.345,0.7,2.5,0.284,0.8,1,0.8,0.4,1.2,1.6,3.8,1.2,1.6,0.1,0.2,2.7,1.2,5.1,-1.7,0,0,5,"1,011,791,610,612,740"
101181,Jose Calderon,1610612752,NYK,33,42,7,35,0.167,30.2,3.5,8.4,0.415,1.4,3.4,0.415,0.7,0.8,0.906,0.5,2.5,3,4.7,1.8,0.7,0,0.3,1.8,0.9,9.1,-8.1,2,0,5,"1,011,811,610,612,750"
101183,Shavlik Randolph,1610612738,BOS,31,21,11,10,0.524,6,0.4,1.7,0.257,0,0.2,0,0.3,0.6,0.5,0.8,1,1.8,0.2,0.1,0.2,0.1,0.1,0.8,0.6,1.1,-1.1,0,0,5,"1,011,831,610,612,730"
101187,Alan Anderson,1610612751,BKN,32,74,35,39,0.473,23.6,2.6,5.9,0.443,1,2.8,0.348,1.1,1.4,0.812,0.4,2.3,2.8,1.1,0.8,0.8,0.1,0.4,2,1.7,7.4,-0.8,0,0,5,"1,011,871,610,612,750"
101198,Will Bynum,1610612764,WAS,32,7,4,3,0.571,9.5,1.4,4.4,0.323,0,1.3,0,0.3,0.6,0.5,0.3,0.6,0.9,2.6,1.1,0.1,0.1,0.3,1.3,0.7,3.1,-7.1,0,0,5,"1,011,981,610,612,760"
101236,Charles Hayes,1610612761,TOR,32,29,17,12,0.586,8.8,0.8,1.6,0.478,0,0,0,0.2,0.4,0.545,0.6,1.1,1.8,0.7,0.3,0.3,0.1,0.2,1.3,0.4,1.7,1.3,0,0,5,"1,012,361,610,612,760"
101249,John Lucas III,1610612765,DET,32,21,8,13,0.381,12.9,2,5,0.404,0.4,1.4,0.31,0.2,0.2,1,0.2,0.6,0.8,2.9,0.8,0.4,0,0.1,0.9,0.4,4.7,-2.2,0,0,5,"1,012,491,610,612,760"
200745,Andrea Bargnani,1610612752,NYK,29,29,5,24,0.172,27.1,5.7,12.4,0.454,0.5,1.4,0.366,3,3.7,0.813,1.1,3.3,4.4,1.6,1.4,0.1,0.9,0.2,1.8,3.5,14.8,-9.3,2,0,5,"2,007,451,610,612,750"
200746,LaMarcus Aldridge,1610612757,POR,29,71,48,23,0.676,35.4,9.3,19.9,0.466,0.5,1.5,0.352,4.3,5.1,0.845,2.5,7.7,10.2,1.7,1.7,0.7,1,0.5,1.8,4.1,23.4,4.8,39,0,5,"2,007,461,610,612,750"
200748,Tyrus Thomas,1610612763,MEM,28,2,2,0,1,3.3,0.5,0.5,1,0,0,0,1,1,1,0,0,0,0.5,0,0,0,0,0,0.5,2,0.5,0,0,5,"2,007,481,610,612,760"
200751,Randy Foye,1610612743,DEN,31,50,15,35,0.3,21.7,3,8,0.368,1.9,5.3,0.357,0.9,1.1,0.818,0.2,1.5,1.7,2.4,1.2,0.7,0.2,0.3,1.9,1,8.7,-2.1,0,0,5,"2,007,511,610,612,740"
200752,Rudy Gay,1610612758,SAC,28,68,25,43,0.368,35.4,7.5,16.4,0.455,1.2,3.2,0.359,5,5.8,0.858,1.4,4.4,5.9,3.7,2.7,1,0.6,0.9,2.3,3.9,21.1,-1.5,2,0,5,"2,007,521,610,612,750"
200755,JJ Redick,1610612746,LAC,31,78,55,23,0.705,30.9,5.7,12,0.477,2.6,5.9,0.437,2.3,2.6,0.901,0.3,1.9,2.1,1.8,1.2,0.5,0.1,0.3,1.7,2.1,16.4,8,0,0,5,"2,007,551,610,612,740"
200757,Thabo Sefolosha,1610612737,ATL,31,52,43,9,0.827,18.8,2,4.8,0.418,0.5,1.5,0.321,0.9,1.1,0.776,1,3.3,4.3,1.4,0.7,1,0.4,0.3,1.3,0.9,5.3,3.3,1,0,5,"2,007,571,610,612,730"
200761,Shawne Williams,1610612765,DET,29,63,26,37,0.413,17.2,1.9,4.8,0.403,1,2.8,0.36,0.6,0.6,0.875,0.6,2.1,2.6,0.7,0.5,0.4,0.3,0.2,2.1,0.6,5.4,-1.6,1,0,5,"2,007,611,610,612,760"
200765,Rajon Rondo,1610612742,DAL,29,68,34,34,0.5,29.7,4,9.5,0.426,0.4,1.3,0.314,0.5,1.1,0.397,1.1,4.4,5.5,7.9,3.1,1.3,0.1,0.5,2.3,1.6,8.9,-0.8,15,3,5,"2,007,651,610,612,740"
200768,Kyle Lowry,1610612761,TOR,29,70,43,27,0.614,34.5,6.1,14.9,0.412,1.9,5.6,0.338,3.6,4.5,0.808,0.8,3.9,4.7,6.8,2.5,1.6,0.2,0.8,3,4.2,17.8,2.9,13,2,5,"2,007,681,610,612,760"
200769,Shannon Brown,1610612748,MIA,29,5,3,2,0.6,17.8,1.4,3.8,0.368,0.6,1.4,0.429,0.6,0.8,0.75,0,0.2,0.2,0.6,0.8,0.8,0,0,1.6,0.8,4,-3.2,0,0,5,"2,007,691,610,612,740"
200770,Jordan Farmar,1610612746,LAC,28,36,23,13,0.639,14.7,1.7,4.4,0.386,1,2.7,0.361,0.3,0.3,0.909,0.2,0.9,1.2,1.9,0.9,0.6,0.1,0.1,1.4,0.7,4.6,-1.3,0,0,5,"2,007,701,610,612,740"
200777,Joel Freeland,1610612757,POR,28,48,34,14,0.708,12.8,1.5,3.1,0.49,0,0,0,0.4,0.5,0.84,1.3,2.7,4,0.3,0.5,0.2,0.5,0.1,1.9,0.8,3.5,1.3,1,0,5,"2,007,771,610,612,750"
200779,Steve Novak,1610612760,OKC,32,35,12,23,0.343,5.6,0.6,1.6,0.393,0.5,1.4,0.396,0,0.1,0,0.1,0.6,0.6,0.3,0.1,0,0.1,0.1,0.7,0.1,1.8,-1.5,0,0,5,"2,007,791,610,612,760"
200782,PJ Tucker,1610612756,PHX,30,78,36,42,0.462,30.6,3.3,7.6,0.438,1.1,3.2,0.345,1.3,1.8,0.727,1.5,5,6.4,1.6,1.2,1.4,0.3,0.4,2.3,2.1,9.1,-0.6,4,0,5,"2,007,821,610,612,750"
200794,Paul Millsap,1610612737,ATL,30,73,55,18,0.753,32.7,6.1,12.7,0.476,1.1,3,0.356,3.5,4.6,0.757,1.9,5.9,7.8,3.1,2.3,1.8,0.9,0.9,2.8,4,16.7,5.6,15,0,5,"2,007,941,610,612,730"
200797,Ryan Hollins,1610612758,SAC,30,46,13,33,0.283,9.6,1.2,1.8,0.646,0,0,0,0.7,1.2,0.574,0.8,1.5,2.2,0.3,0.5,0.1,0.4,0.2,1.4,1.2,3,-1.2,0,0,5,"2,007,971,610,612,750"
200811,Lou Amundson,1610612752,NYK,32,53,17,36,0.321,17.7,2.1,4.8,0.427,0,0,0,0.8,1.6,0.471,1.8,3.3,5.1,1.3,1.2,0.4,1,0.5,2.4,1.5,4.9,-2.8,3,0,5,"2,008,111,610,612,750"
200826,Jose Juan Barea,1610612742,DAL,31,77,49,28,0.636,17.7,2.9,7,0.42,0.7,2.2,0.323,1,1.2,0.809,0.3,1.4,1.7,3.4,0.9,0.4,0,0.4,1.4,1.5,7.5,1.6,0,0,5,"2,008,261,610,612,740"
201142,Kevin Durant,1610612760,OKC,26,27,18,9,0.667,33.8,8.8,17.3,0.51,2.4,5.9,0.403,5.4,6.3,0.854,0.6,6,6.6,4.1,2.7,0.9,0.9,0.3,1.5,4.9,25.4,6.2,5,0,5,"2,011,421,610,612,760"
201143,Al Horford,1610612737,ATL,29,76,56,20,0.737,30.5,6.8,12.7,0.538,0.1,0.5,0.306,1.4,1.9,0.759,1.7,5.4,7.2,3.2,1.3,0.9,1.3,0.5,1.6,1.7,15.2,3.8,14,1,5,"2,011,431,610,612,730"
201144,Mike Conley,1610612763,MEM,27,70,47,23,0.671,31.8,5.6,12.6,0.446,1.5,4,0.386,3.1,3.6,0.859,0.4,2.6,3,5.4,2.2,1.3,0.2,0.7,2,3.3,15.8,3.1,6,0,5,"2,011,441,610,612,760"
201145,Jeff Green,1610612763,MEM,28,78,41,37,0.526,31.5,5.3,12.4,0.43,1.2,3.7,0.332,3.1,3.7,0.833,0.8,3.4,4.2,1.7,1.4,0.7,0.4,0.8,1.9,2.8,15,-1.7,1,0,5,"2,011,451,610,612,760"
201147,Corey Brewer,1610612745,HOU,29,80,42,38,0.525,26.1,4.3,10.1,0.426,0.8,2.9,0.268,2.1,2.8,0.743,1,2.7,3.7,2.2,1.6,1.4,0.2,0.7,2.2,2.4,11.5,-0.4,3,0,5,"2,011,471,610,612,740"
201148,Brandan Wright,1610612756,PHX,27,75,37,38,0.493,19.3,3.1,4.8,0.642,0,0,0,1,1.5,0.696,1.7,2.6,4.3,0.5,0.5,0.7,1.3,0.3,1.4,1.3,7.3,-0.2,3,0,5,"2,011,481,610,612,750"
201149,Joakim Noah,1610612741,CHI,30,67,39,28,0.582,30.6,2.8,6.4,0.445,0,0,0,1.6,2.6,0.603,3.3,6.4,9.6,4.7,1.8,0.7,1.1,0.7,3,2.5,7.2,1.2,15,0,5,"2,011,491,610,612,740"
201150,Spencer Hawes,1610612746,LAC,27,73,52,21,0.712,17.5,2.2,5.7,0.393,0.8,2.4,0.313,0.6,0.9,0.647,0.4,3.1,3.5,1.2,0.8,0.3,0.7,0.4,2.4,1,5.8,-1.2,0,0,5,"2,011,501,610,612,740"
201152,Thaddeus Young,1610612751,BKN,27,76,25,51,0.329,32,5.9,12.7,0.466,0.5,1.5,0.33,1.7,2.6,0.655,1.7,3.7,5.4,2.3,1.5,1.6,0.3,0.9,2.3,2,14.1,-2.8,3,0,5,"2,011,521,610,612,750"
201155,Rodney Stuckey,1610612754,IND,29,71,34,37,0.479,26.4,4.7,10.6,0.44,0.8,2,0.39,2.5,3,0.819,0.5,3,3.5,3.1,1.7,0.8,0.1,0.7,1.8,2.7,12.6,-0.3,2,0,5,"2,011,551,610,612,750"
201156,Nick Young,1610612747,LAL,30,42,12,30,0.286,23.8,4.1,11.3,0.366,2,5.4,0.369,3.1,3.5,0.892,0.4,1.9,2.3,1,1,0.5,0.3,0.4,2,2.4,13.4,-1.6,0,0,5,"2,011,561,610,612,740"
201158,Marco Belinelli,1610612759,SAS,29,62,41,21,0.661,22.4,3.2,7.6,0.423,1.4,3.7,0.374,1.4,1.6,0.848,0.4,2.1,2.5,1.5,1,0.5,0,0.1,1.4,1.5,9.2,0,0,0,5,"2,011,581,610,612,750"
201160,Jason Smith,1610612752,NYK,29,82,17,65,0.207,21.8,3.1,7.2,0.434,0.2,0.5,0.357,1.5,1.9,0.83,1.2,2.8,4,1.7,1.3,0.4,0.5,0.4,2.5,1.9,8,-5.2,3,0,5,"2,011,601,610,612,750"
201162,Jared Dudley,1610612749,MIL,29,72,39,33,0.542,23.8,2.8,5.9,0.468,1,2.7,0.385,0.7,0.9,0.716,0.6,2.4,3.1,1.8,0.9,1,0.2,0.2,1.6,1.2,7.2,1.5,0,0,5,"2,011,621,610,612,740"
201163,Wilson Chandler,1610612743,DEN,28,78,28,50,0.359,31.7,5.4,12.5,0.429,1.8,5.2,0.342,1.4,1.8,0.775,1.2,4.9,6.1,1.7,1.4,0.7,0.4,0.6,3,1.6,13.9,-2.8,8,0,5,"2,011,631,610,612,740"
201166,Aaron Brooks,1610612741,CHI,30,82,50,32,0.61,23,4.2,10,0.421,1.5,3.8,0.387,1.8,2.1,0.833,0.4,1.6,2,3.2,1.9,0.7,0.2,0.6,2.3,1.8,11.6,2.6,1,0,5,"2,011,661,610,612,740"
201167,Arron Afflalo,1610612757,POR,29,78,35,43,0.449,32.1,4.8,11.3,0.424,1.5,4.3,0.354,2.1,2.5,0.843,0.3,2.8,3.2,1.7,1.5,0.5,0.1,0.8,2.1,1.9,13.3,-0.3,0,0,5,"2,011,671,610,612,750"
201168,Tiago Splitter,1610612759,SAS,30,52,34,18,0.654,19.8,3.3,5.8,0.558,0,0,0,1.7,2.3,0.75,1.8,3.1,4.8,1.5,1.2,0.7,0.7,0.5,2,2.1,8.2,4.5,1,0,5,"2,011,681,610,612,750"
201171,Carl Landry,1610612758,SAC,31,70,26,44,0.371,17,2.7,5.3,0.515,0,0,0,1.8,2.1,0.82,1.4,2.4,3.8,0.4,0.8,0.2,0.2,0.6,1.9,1.6,7.2,-3.1,3,0,5,"2,011,711,610,612,750"
201175,Glen Davis,1610612746,LAC,29,74,52,22,0.703,12.2,1.6,3.4,0.459,0,0.1,0,0.8,1.3,0.632,0.6,1.7,2.3,0.5,0.5,0.6,0.3,0.4,1.8,1.1,4,-1.1,0,0,5,"2,011,751,610,612,740"
201177,Josh McRoberts,1610612748,MIA,28,17,8,9,0.471,17.4,1.6,3.1,0.528,0.5,1.1,0.421,0.5,0.8,0.615,0.4,2.2,2.6,1.9,1.3,0.7,0.2,0.3,2.4,0.8,4.2,1.8,0,0,5,"2,011,771,610,612,740"
201188,Marc Gasol,1610612763,MEM,30,81,55,26,0.679,33.2,6.5,13.2,0.494,0,0.2,0.176,4.3,5.4,0.795,1.4,6.4,7.8,3.8,2.2,0.9,1.6,0.6,2.6,5,17.4,2.8,20,0,5,"2,011,881,610,612,760"
201196,Ramon Sessions,1610612764,WAS,29,64,26,38,0.406,18.6,2,5.2,0.374,0.3,0.9,0.317,2.1,2.7,0.769,0.4,1.9,2.3,2.8,1.3,0.5,0,0.3,1.1,2.1,6.3,-2.5,0,0,5,"2,011,961,610,612,760"
201202,Joel Anthony,1610612765,DET,32,49,25,24,0.51,8.3,0.7,1.3,0.581,0,0,0,0.3,0.4,0.682,0.7,1.2,1.9,0.1,0.2,0.2,1,0.1,1.1,0.3,1.8,0.2,0,0,5,"2,012,021,610,612,760"
201228,CJ Watson,1610612754,IND,31,57,25,32,0.439,24.9,3.2,7.3,0.434,1.2,3.1,0.4,2.4,2.9,0.826,0.3,2.5,2.9,3.6,1.8,1,0.2,0.3,1.9,2.8,10,0.1,0,0,5,"2,012,281,610,612,750"
201229,Anthony Tolliver,1610612765,DET,30,76,36,40,0.474,18.9,2.1,5.2,0.41,1.4,3.8,0.366,0.7,0.9,0.783,0.7,2.4,3.1,0.8,0.7,0.3,0.2,0.2,1.8,1.1,6.3,1.3,1,0,5,"2,012,291,610,612,760"
201563,Michael Beasley,1610612748,MIA,26,24,11,13,0.458,21,3.8,8.8,0.434,0.3,1.4,0.235,0.8,1.1,0.769,0.5,3.2,3.7,1.3,1.5,0.6,0.5,0.5,2.8,1.4,8.8,0.1,1,0,5,"2,015,631,610,612,740"
201564,O.J. Mayo,1610612749,MIL,27,71,39,32,0.549,23.9,4.2,9.9,0.422,1.4,3.9,0.357,1.6,2,0.827,0.4,2.2,2.6,2.8,1.8,0.8,0.3,0.4,2.3,1.7,11.4,-0.9,0,0,5,"2,015,641,610,612,740"
201565,Derrick Rose,1610612741,CHI,26,51,33,18,0.647,30,6.6,16.4,0.405,1.5,5.3,0.28,3,3.7,0.813,0.7,2.5,3.2,4.9,3.2,0.7,0.3,1,1.2,2.8,17.7,2.4,4,0,5,"2,015,651,610,612,740"
201566,Russell Westbrook,1610612760,OKC,26,67,40,27,0.597,34.4,9.4,22,0.426,1.3,4.3,0.299,8.1,9.8,0.835,1.9,5.4,7.3,8.6,4.4,2.1,0.2,1.3,2.7,6.6,28.1,3.7,31,11,5,"2,015,661,610,612,760"
201567,Kevin Love,1610612739,CLE,26,75,50,25,0.667,33.8,5.5,12.7,0.434,1.9,5.2,0.367,3.4,4.3,0.804,1.9,7.9,9.7,2.2,1.6,0.7,0.5,0.7,1.9,3.7,16.4,5.3,38,0,5,"2,015,671,610,612,730"
201568,Danilo Gallinari,1610612743,DEN,26,59,23,36,0.39,24.2,3.9,9.6,0.401,1.8,5.1,0.355,2.9,3.2,0.895,0.5,3.2,3.7,1.4,1,0.8,0.3,0.6,1.6,3.1,12.4,0.3,0,0,5,"2,015,681,610,612,740"
201569,Eric Gordon,1610612740,NOP,26,61,35,26,0.574,33.1,4.7,11.4,0.411,2.3,5.2,0.448,1.8,2.2,0.805,0.5,2.1,2.6,3.8,2,0.8,0.2,0.7,2.4,2,13.4,1.1,1,0,5,"2,015,691,610,612,740"
201571,D.J. Augustin,1610612760,OKC,27,82,37,45,0.451,23.9,3.1,7.9,0.399,1,3,0.337,2.2,2.5,0.868,0.2,1.7,2,4.3,1.8,0.6,0,0.6,1.1,2.5,9.5,-0.9,4,0,5,"2,015,711,610,612,760"
201572,Brook Lopez,1610612751,BKN,27,72,34,38,0.472,29.2,7,13.7,0.513,0,0.1,0.1,3.1,3.8,0.814,3,4.5,7.4,0.7,1.4,0.6,1.8,0.7,2.9,3.3,17.2,-1.4,17,0,5,"2,015,721,610,612,750"
201573,Jerryd Bayless,1610612749,MIL,26,77,39,38,0.506,22.3,2.9,6.7,0.426,0.5,1.6,0.308,1.6,1.8,0.883,0.3,2.5,2.7,3,1.7,0.8,0.2,0.4,2.1,1.6,7.8,-0.2,0,0,5,"2,015,731,610,612,740"
201574,Jason Thompson,1610612758,SAC,28,81,29,52,0.358,24.6,2.5,5.3,0.47,0,0,0,1.1,1.8,0.622,1.7,4.8,6.5,1,1,0.4,0.7,0.4,3,1.6,6.1,-2.3,7,0,5,"2,015,741,610,612,750"
201575,Brandon Rush,1610612744,GSW,29,33,27,6,0.818,8.2,0.3,1.6,0.204,0.1,0.8,0.111,0.2,0.3,0.455,0.1,1.1,1.2,0.4,0.3,0.2,0.4,0.1,0.8,0.2,0.9,-3.8,0,0,5,"2,015,751,610,612,740"
201577,Robin Lopez,1610612757,POR,27,59,38,21,0.644,27.8,4,7.4,0.535,0,0,0,1.7,2.2,0.772,3.2,3.5,6.7,0.9,1.2,0.3,1.4,0.5,2.1,2.1,9.6,2.5,6,0,5,"2,015,771,610,612,750"
201578,Marreese Speights,1610612744,GSW,27,76,62,14,0.816,15.9,4.2,8.5,0.492,0.1,0.2,0.278,2,2.3,0.843,1.4,2.8,4.3,0.9,1.1,0.3,0.4,0.3,2.5,2.2,10.4,2.4,1,0,5,"2,015,781,610,612,740"
201579,Roy Hibbert,1610612754,IND,28,76,34,42,0.447,25.3,4.2,9.3,0.446,0,0,0,2.2,2.7,0.824,2.1,5.1,7.1,1.1,1.4,0.2,1.6,0.6,2.8,3.2,10.6,-0.8,18,0,5,"2,015,791,610,612,750"
201580,JaVale McGee,1610612755,PHI,27,23,8,15,0.348,11.1,1.8,3.4,0.532,0,0,0,1,1.4,0.667,0.8,1.9,2.7,0.1,0.8,0.1,0.9,0.4,1.3,1.3,4.6,-3,0,0,5,"2,015,801,610,612,750"
201581,JJ Hickson,1610612743,DEN,26,73,26,47,0.356,19.3,3,6.3,0.475,0,0,0,1.6,2.8,0.577,2.1,4.1,6.2,0.8,1.3,0.5,0.5,0.8,1.9,1.9,7.6,-3.2,9,0,5,"2,015,811,610,612,740"
201582,Alexis Ajinca,1610612740,NOP,27,68,41,27,0.603,14.1,2.7,4.8,0.55,0,0,0,1.2,1.5,0.818,1.5,3.1,4.6,0.7,1,0.3,0.8,0.3,2.2,1.3,6.5,-0.2,5,0,5,"2,015,821,610,612,740"
201583,Ryan Anderson,1610612740,NOP,27,61,33,28,0.541,27.5,4.8,12,0.399,2,5.9,0.34,2.1,2.5,0.854,1.8,3.1,4.8,0.9,1,0.5,0.3,0.5,1.9,2.2,13.7,-0.3,3,0,5,"2,015,831,610,612,740"
201584,Courtney Lee,1610612763,MEM,29,77,51,26,0.662,30.6,3.7,8.4,0.448,1.2,2.9,0.402,1.4,1.7,0.86,0.3,2,2.3,2,1,1,0.2,0.2,1.7,0.9,10.1,1.6,0,0,5,"2,015,841,610,612,760"
201585,Kosta Koufos,1610612763,MEM,26,81,55,26,0.679,16.6,2.2,4.4,0.508,0,0,0,0.7,1,0.647,1.5,3.8,5.3,0.5,0.9,0.4,0.8,0.3,1.8,1.1,5.2,1.3,0,0,5,"2,015,851,610,612,760"
201586,Serge Ibaka,1610612760,OKC,25,64,35,29,0.547,33.1,5.8,12.3,0.476,1.2,3.2,0.376,1.4,1.7,0.836,2.1,5.7,7.8,0.9,1.5,0.5,2.4,0.4,3,1.8,14.3,2.5,17,0,5,"2,015,861,610,612,760"
201587,Nicolas Batum,1610612757,POR,26,71,43,28,0.606,33.5,3.4,8.5,0.4,1.4,4.4,0.324,1.2,1.4,0.857,0.9,5,5.9,4.8,1.9,1.1,0.6,0.2,1.5,1.4,9.4,3,5,0,5,"2,015,871,610,612,750"
201588,George Hill,1610612754,IND,29,43,26,17,0.605,29.5,5.9,12.4,0.477,1.6,4.5,0.358,2.6,3.3,0.79,0.6,3.6,4.2,5.1,1.6,1,0.3,0.6,2.6,3.4,16.1,3.7,2,1,5,"2,015,881,610,612,750"
201589,Darrell Arthur,1610612743,DEN,27,58,22,36,0.379,17,2.7,6.6,0.404,0.4,1.9,0.236,0.8,1,0.78,0.9,2,2.9,1,0.8,0.8,0.4,0.2,2.5,0.9,6.6,-0.2,2,0,5,"2,015,891,610,612,740"
201593,Nikola Pekovic,1610612750,MIN,29,31,9,22,0.29,26.3,4.5,10.6,0.424,0,0,0,3.5,4.2,0.837,2.9,4.7,7.5,0.9,1.4,0.6,0.4,1.5,1.9,3.4,12.5,-1.9,11,0,5,"2,015,931,610,612,750"
201595,Joey Dorsey,1610612745,HOU,31,69,48,21,0.696,12.4,1.2,2.1,0.552,0,0,0,0.3,1.2,0.289,1.5,2.6,4,0.4,0.6,0.6,0.4,0.4,2.3,0.9,2.7,0.2,0,0,5,"2,015,951,610,612,740"
201596,Mario Chalmers,1610612748,MIA,29,80,36,44,0.45,29.6,3.3,8.3,0.403,0.9,3.1,0.294,2.6,3.3,0.774,0.3,2.3,2.6,3.8,2.2,1.5,0.1,0.5,3.1,3.5,10.2,-1.8,4,0,5,"2,015,961,610,612,740"
201599,DeAndre Jordan,1610612746,LAC,26,82,56,26,0.683,34.4,4.6,6.5,0.71,0,0,0.25,2.3,5.7,0.397,4.8,10.1,15,0.7,1.3,1,2.2,0.2,3,4.6,11.5,7.6,47,0,5,"2,015,991,610,612,740"
201600,Omer Asik,1610612740,NOP,28,76,43,33,0.566,26.1,2.8,5.4,0.517,0,0,0,1.7,3,0.582,3.2,6.6,9.8,0.9,1.3,0.4,0.7,1.2,1.9,2.4,7.3,0.3,13,0,5,"2,016,001,610,612,740"
201601,Luc Mbah a Moute,1610612755,PHI,28,67,16,51,0.239,28.6,3.7,9.5,0.395,0.9,3,0.307,1.4,2.4,0.589,1.2,3.7,4.9,1.6,1.5,1.2,0.3,0.8,1.6,1.9,9.9,-5.4,4,0,5,"2,016,011,610,612,750"
201604,Chris Douglas-Roberts,1610612746,LAC,28,12,5,7,0.417,8.5,0.4,1.8,0.238,0.1,0.6,0.143,0.7,0.7,1,0.1,0.9,1,0.3,0,0.1,0,0.3,1.2,0.4,1.6,-1.3,0,0,5,"2,016,041,610,612,740"
201609,Goran Dragic,1610612748,MIA,29,78,41,37,0.526,33.8,6.4,12.8,0.501,1.2,3.3,0.347,2.3,3,0.774,1,2.5,3.5,4.5,2.2,1,0.2,0.6,2.5,2.9,16.3,0.2,4,0,5,"2,016,091,610,612,740"
201611,Henry Walker,1610612748,MIA,27,24,12,12,0.5,26.1,2.4,7,0.345,1.9,5.5,0.341,0.6,0.8,0.778,0.3,3.1,3.4,1.2,1,1,0.4,0.4,3.2,1,7.3,0,0,0,5,"2,016,111,610,612,740"
201627,Anthony Morrow,1610612760,OKC,29,74,42,32,0.568,24.4,3.9,8.3,0.463,1.9,4.4,0.434,1.1,1.2,0.888,0.5,2.1,2.6,0.8,0.5,0.7,0.1,0.2,1.8,1.1,10.7,3.1,2,0,5,"2,016,271,610,612,760"
201858,Cartier Martin,1610612765,DET,30,23,7,16,0.304,8.6,0.7,2.3,0.283,0.3,1.4,0.182,0,0,0,0,0.9,0.9,0.5,0.2,0.1,0,0.1,0.9,0.3,1.6,0.9,0,0,5,"2,018,581,610,612,760"
201880,Greg Stiemsma,1610612761,TOR,29,17,13,4,0.765,3.9,0.4,0.5,0.75,0,0,0,0.1,0.2,0.5,0.5,0.4,0.9,0.2,0.4,0.1,0,0,0.9,0.2,0.8,-1.6,0,0,5,"2,018,801,610,612,760"
201933,Blake Griffin,1610612746,LAC,26,67,47,20,0.701,35.2,8.6,17.1,0.502,0.1,0.4,0.4,4.6,6.4,0.728,1.9,5.7,7.6,5.3,2.3,0.9,0.5,0.7,2.9,5.9,21.9,8.7,18,0,5,"2,019,331,610,612,740"
201935,James Harden,1610612745,HOU,25,81,56,25,0.691,36.8,8,18.1,0.44,2.6,6.9,0.375,8.8,10.2,0.868,0.9,4.7,5.7,7,4,1.9,0.7,1.3,2.6,6.7,27.4,4.1,21,4,5,"2,019,351,610,612,740"
201936,Tyreke Evans,1610612740,NOP,25,79,43,36,0.544,34,6.6,14.7,0.447,0.9,2.9,0.304,2.6,3.7,0.694,1,4.2,5.3,6.6,3.1,1.3,0.5,1.4,2.5,3,16.6,2.1,18,1,5,"2,019,361,610,612,740"
201937,Ricky Rubio,1610612750,MIN,24,22,7,15,0.318,31.5,3.5,10,0.356,0.6,2.3,0.255,2.6,3.2,0.803,0.9,4.8,5.7,8.8,2.9,1.7,0,0.5,2.7,3.8,10.3,-0.5,7,1,5,"2,019,371,610,612,750"
201939,Stephen Curry,1610612744,GSW,27,80,67,13,0.838,32.7,8.2,16.8,0.487,3.6,8.1,0.443,3.9,4.2,0.914,0.7,3.6,4.3,7.7,3.1,2,0.2,0.5,2,3.7,23.8,11.5,23,0,5,"2,019,391,610,612,740"
201941,Jordan Hill,1610612747,LAL,27,70,19,51,0.271,26.8,5.1,11.1,0.459,0,0.2,0.273,1.8,2.4,0.738,2.5,5.5,7.9,1.5,1.5,0.5,0.7,0.4,2.3,1.9,12,-5.7,22,0,5,"2,019,411,610,612,740"
201942,DeMar DeRozan,1610612761,TOR,25,60,37,23,0.617,35,6.8,16.5,0.413,0.4,1.5,0.284,6,7.2,0.832,0.7,3.9,4.6,3.5,2.3,1.2,0.2,1.2,2,4.9,20.1,2.2,4,0,5,"2,019,421,610,612,760"
201943,Brandon Jennings,1610612765,DET,25,41,17,24,0.415,28.6,5.3,13.2,0.401,1.9,5.1,0.36,2.9,3.5,0.839,0.5,2,2.5,6.6,2.2,1.1,0.1,0.7,1.6,3.1,15.4,0.8,5,0,5,"2,019,431,610,612,760"
201945,Gerald Henderson,1610612766,CHA,27,80,32,48,0.4,28.9,4.6,10.6,0.437,0.6,1.7,0.331,2.3,2.7,0.848,0.5,3,3.4,2.6,1.4,0.6,0.3,0.4,1.7,2.8,12.1,-0.4,2,0,5,"2,019,451,610,612,760"
201946,Tyler Hansbrough,1610612761,TOR,29,74,45,29,0.608,14.3,1.2,2.2,0.521,0,0.1,0.143,1.3,1.9,0.698,1.4,2.1,3.6,0.3,0.3,0.4,0.2,0.2,1.9,1.8,3.6,2.6,2,0,5,"2,019,461,610,612,760"
201947,Earl Clark,1610612751,BKN,27,10,6,4,0.6,9.3,1.1,3,0.367,0.4,1.4,0.286,0.1,0.4,0.25,0.1,2.2,2.3,0.3,0.6,0.3,0.4,0,1.2,0.4,2.7,-2.8,0,0,5,"2,019,471,610,612,750"
201948,Austin Daye,1610612737,ATL,27,34,17,17,0.5,10.1,1.5,4.1,0.355,0.7,2.1,0.338,0.1,0.2,0.833,0.3,1.9,2.2,0.5,0.7,0.4,0.1,0.1,1.1,0.2,3.8,-1.3,2,0,5,"2,019,481,610,612,730"
201949,James Johnson,1610612761,TOR,28,70,40,30,0.571,19.6,3.4,5.8,0.589,0.2,0.7,0.216,1,1.5,0.657,0.9,2.8,3.7,1.4,1.1,0.8,1,0.3,2.2,1.1,7.9,2.1,2,0,5,"2,019,491,610,612,760"
201950,Jrue Holiday,1610612740,NOP,25,40,20,20,0.5,32.6,6,13.4,0.446,1.3,3.4,0.378,1.6,1.9,0.855,0.8,2.6,3.4,6.9,2.3,1.6,0.6,0.8,2.8,1.8,14.8,2.5,5,0,5,"2,019,501,610,612,740"
201951,Ty Lawson,1610612743,DEN,27,75,29,46,0.387,35.5,5.4,12.3,0.436,0.9,2.7,0.341,3.5,4.8,0.73,0.6,2.6,3.1,9.6,2.5,1.2,0.1,0.8,1.7,3.8,15.2,-0.4,28,0,5,"2,019,511,610,612,740"
201952,Jeff Teague,1610612737,ATL,27,73,53,20,0.726,30.5,5.6,12.2,0.46,1,2.8,0.343,3.8,4.4,0.862,0.4,2.1,2.5,7,2.8,1.7,0.4,0.9,1.9,4,15.9,5.3,10,0,5,"2,019,521,610,612,730"
201954,Darren Collison,1610612758,SAC,27,45,16,29,0.356,34.8,5.8,12.2,0.473,1.3,3.6,0.373,3.2,4.1,0.788,0.4,2.8,3.2,5.6,2.5,1.5,0.3,0.6,2.1,3.2,16.1,0.8,3,0,5,"2,019,541,610,612,750"
201956,Omri Casspi,1610612758,SAC,27,67,23,44,0.343,21.1,3.1,6.4,0.489,0.5,1.3,0.402,2.1,2.9,0.733,0.8,3.1,3.9,1.5,1.3,0.5,0.1,0.5,1.6,2.1,8.9,-2.7,1,0,5,"2,019,561,610,612,750"
201959,Taj Gibson,1610612741,CHI,30,62,38,24,0.613,27.3,4.1,8.2,0.502,0,0,0,2.1,3,0.717,2.6,3.8,6.4,1.1,1.2,0.6,1.2,0.9,2.6,2.6,10.3,0.7,8,0,5,"2,019,591,610,612,740"
201960,DeMarre Carroll,1610612737,ATL,28,70,53,17,0.757,31.3,4.5,9.3,0.487,1.7,4.3,0.395,1.8,2.6,0.702,1.4,3.9,5.3,1.7,1.1,1.3,0.2,0.6,2.2,2.2,12.6,3,3,0,5,"2,019,601,610,612,730"
201961,Wayne Ellington,1610612747,LAL,27,65,18,47,0.277,25.8,3.9,9.5,0.412,1.4,3.7,0.37,0.8,1,0.813,0.5,2.8,3.2,1.6,0.8,0.5,0,0.5,1.2,1.2,10,-1.9,1,0,5,"2,019,611,610,612,740"
201962,Toney Douglas,1610612740,NOP,29,12,7,5,0.583,14.7,1.6,4.3,0.373,0.4,1.5,0.278,0.7,1.1,0.615,0.2,1.7,1.8,2,0.8,0.9,0.3,0.1,1.7,0.8,4.3,0.7,0,0,5,"2,019,621,610,612,740"
201964,Victor Claver,1610612757,POR,26,10,6,4,0.6,7.6,0.9,2,0.45,0.6,1.1,0.545,0,0,0,0.3,1.7,2,0.1,0.4,0.1,0.1,0.2,1.2,0.5,2.4,2.1,0,0,5,"2,019,641,610,612,750"
201965,Jeff Ayres,1610612759,SAS,28,51,33,18,0.647,7.5,1.1,1.9,0.579,0,0,0,0.5,0.7,0.75,0.7,1.6,2.3,0.3,0.5,0.2,0.2,0.1,1.2,0.6,2.7,-1.1,0,0,5,"2,019,651,610,612,750"
201967,Dante Cunningham,1610612740,NOP,28,66,37,29,0.561,25,2.3,5.1,0.457,0,0.2,0.1,0.4,0.7,0.617,1.1,2.8,3.9,0.8,0.5,0.7,0.6,0.4,1.5,0.6,5.2,-0.5,1,0,5,"2,019,671,610,612,740"
201971,DeJuan Blair,1610612764,WAS,26,29,15,14,0.517,6.2,0.9,2,0.456,0,0,0,0.1,0.2,0.667,0.6,1.4,1.9,0.1,0.4,0.2,0,0.2,1.4,0.3,1.9,-2.1,0,0,5,"2,019,711,610,612,760"
201973,Jonas Jerebko,1610612738,BOS,28,75,37,38,0.493,16.4,2.3,5.1,0.446,0.7,1.9,0.386,0.7,0.9,0.848,1.2,2.5,3.8,0.9,0.6,0.6,0.2,0.2,1.8,0.8,6,1.9,1,0,5,"2,019,731,610,612,730"
201975,Jodie Meeks,1610612765,DET,27,60,29,31,0.483,24.4,3.7,8.9,0.416,1.2,3.5,0.349,2.4,2.7,0.906,0.2,1.5,1.7,1.3,1,1,0.1,0.3,1.3,2,11.1,-1.6,0,0,5,"2,019,751,610,612,760"
201976,Patrick Beverley,1610612745,HOU,26,56,35,21,0.625,30.8,3.6,9.5,0.383,2.1,5.8,0.356,0.8,1.1,0.75,1.2,3,4.2,3.4,1.5,1.1,0.4,0.6,3.3,1.4,10.1,1.3,2,0,5,"2,019,761,610,612,740"
201977,Marcus Thornton,1610612756,PHX,28,48,19,29,0.396,15,2.9,7.2,0.406,1.1,3,0.378,1,1.2,0.821,0.5,1.3,1.8,0.8,0.6,0.6,0.1,0.5,0.8,0.9,7.9,-0.1,0,0,5,"2,019,771,610,612,750"
201978,Chase Budinger,1610612750,MIN,27,67,8,59,0.119,19.2,2.5,5.8,0.433,0.8,2.1,0.364,1,1.2,0.827,0.5,2.5,3,1,0.7,0.7,0.1,0.4,1.1,0.9,6.8,-3.9,0,0,5,"2,019,781,610,612,750"
201979,Nick Calathes,1610612763,MEM,26,58,36,22,0.621,14.4,1.8,4.3,0.421,0.2,0.7,0.256,0.4,0.8,0.533,0.3,1.5,1.8,2.5,1.1,1.1,0.1,0.4,1.7,0.8,4.2,1.5,0,0,5,"2,019,791,610,612,760"
201980,Danny Green,1610612759,SAS,28,81,55,26,0.679,28.5,4,9.1,0.436,2.4,5.6,0.418,1.4,1.6,0.874,0.7,3.6,4.2,2,1.1,1.2,1.1,0.2,2,1.2,11.7,5.3,2,0,5,"2,019,801,610,612,750"
201985,A.J. Price,1610612756,PHX,28,26,11,15,0.423,12.4,2,5.3,0.372,0.6,2.2,0.263,0.6,0.9,0.667,0.2,1,1.2,1.8,0.5,0.3,0,0.2,0.6,1.2,5.1,-2.5,0,0,5,"2,019,851,610,612,750"
201988,Patty Mills,1610612759,SAS,26,51,37,14,0.725,15.7,2.5,6.6,0.381,1.2,3.6,0.341,0.6,0.8,0.825,0.4,1.1,1.5,1.7,0.7,0.5,0,0.2,1.1,1,6.9,3.1,0,0,5,"2,019,881,610,612,750"
201991,Lester Hudson,1610612746,LAC,30,5,5,0,1,11.1,1.2,2.8,0.429,0.6,1.2,0.5,0.6,0.8,0.75,0.2,1.4,1.6,1,0.6,1.2,0.2,0.2,0.8,0.6,3.6,-1.2,0,0,5,"2,019,911,610,612,740"
202066,Garrett Temple,1610612764,WAS,29,52,28,24,0.538,14.1,1.3,3.3,0.4,0.6,1.7,0.375,0.7,0.9,0.729,0.5,1.3,1.7,1.1,0.7,0.8,0.2,0.2,1.5,1,3.9,-0.9,0,0,5,"2,020,661,610,612,760"
202077,Jerel McNeal,1610612756,PHX,28,6,1,5,0.167,6.1,0.5,1.8,0.273,0.2,0.3,0.5,0.3,0.3,1,0,0.5,0.5,0.3,0.8,0.5,0.2,0.2,0.8,0.3,1.5,-0.5,0,0,5,"2,020,771,610,612,750"
202083,Wesley Matthews,1610612757,POR,28,60,41,19,0.683,33.7,5.6,12.5,0.448,2.9,7.4,0.389,1.8,2.4,0.752,0.6,3.1,3.7,2.3,1.4,1.3,0.2,0.4,2.2,2.7,15.9,4.6,0,0,5,"2,020,831,610,612,750"
202087,Alonzo Gee,1610612757,POR,28,54,21,33,0.389,12.2,1.6,3.4,0.468,0.2,0.6,0.371,1,1.4,0.701,0.7,1.1,1.7,0.5,0.6,0.6,0.1,0.4,1.1,0.9,4.5,-1.8,0,0,5,"2,020,871,610,612,750"
202130,Reggie Williams,1610612759,SAS,28,20,15,5,0.75,5.3,0.8,2,0.385,0.2,1,0.158,0.2,0.2,1,0.3,0.6,0.9,0.5,0.1,0.1,0,0.1,0.6,0.2,1.9,-1.8,0,0,5,"2,021,301,610,612,750"
202322,John Wall,1610612764,WAS,24,79,45,34,0.57,35.9,6.6,14.8,0.445,0.8,2.7,0.3,3.6,4.6,0.785,0.5,4.2,4.6,10,3.8,1.7,0.6,0.6,2.3,3.6,17.6,3.5,40,0,5,"2,023,221,610,612,760"
202323,Evan Turner,1610612738,BOS,26,82,40,42,0.488,27.6,3.9,9.1,0.429,0.4,1.5,0.277,1.3,1.7,0.752,0.5,4.6,5.1,5.5,2.4,1,0.2,0.5,2.2,1.6,9.5,-1.2,7,3,5,"2,023,231,610,612,730"
202324,Derrick Favors,1610612762,UTA,23,74,33,41,0.446,30.8,6.5,12.4,0.525,0,0.1,0.167,3,4.5,0.669,2.6,5.6,8.2,1.5,1.6,0.8,1.7,0.9,2.8,3.3,16,0.8,23,0,5,"2,023,241,610,612,760"
202325,Wesley Johnson,1610612747,LAL,27,76,20,56,0.263,29.5,3.8,9.1,0.414,1.2,3.4,0.351,1.2,1.5,0.804,0.9,3.3,4.2,1.6,1.1,0.8,0.6,0.2,2.1,1.2,9.9,-4.1,3,0,5,"2,023,251,610,612,740"
202326,DeMarcus Cousins,1610612758,SAC,24,59,23,36,0.39,34.1,8.4,18.1,0.467,0,0.1,0.25,7.2,9.2,0.782,3.1,9.5,12.7,3.6,4.3,1.5,1.7,1.8,4.1,8.8,24.1,1.1,47,2,5,"2,023,261,610,612,750"
202327,Ekpe Udoh,1610612746,LAC,28,33,24,9,0.727,3.9,0.3,0.7,0.458,0,0,0,0.2,0.3,0.778,0.2,0.6,0.8,0.2,0.2,0.2,0.2,0.1,0.6,0.2,0.9,-0.3,0,0,5,"2,023,271,610,612,740"
202328,Greg Monroe,1610612765,DET,25,69,25,44,0.362,31,6.1,12.4,0.496,0,0,0,3.7,4.9,0.75,3.3,6.9,10.2,2.1,2.2,1.1,0.5,1.2,2.1,4,15.9,-0.4,35,0,5,"2,023,281,610,612,760"
202329,Al-Farouq Aminu,1610612742,DAL,24,74,45,29,0.608,18.5,2,4.8,0.412,0.5,1.7,0.274,1.1,1.6,0.712,1.5,3.1,4.6,0.8,0.7,0.9,0.8,0.3,1.9,1.3,5.6,1.4,4,0,5,"2,023,291,610,612,740"
202330,Gordon Hayward,1610612762,UTA,25,76,35,41,0.461,34.4,6.4,14.3,0.445,1.6,4.3,0.364,4.9,6.1,0.812,0.7,4.2,4.9,4.1,2.7,1.4,0.4,0.8,1.7,4.9,19.3,1.4,2,0,5,"2,023,301,610,612,760"
202331,Paul George,1610612754,IND,25,6,5,1,0.833,15.2,3,8.2,0.367,1.5,3.7,0.409,1.3,1.8,0.727,0.7,3,3.7,1,2,0.8,0.2,0,1.8,1.3,8.8,2.5,0,0,5,"2,023,311,610,612,750"
202332,Cole Aldrich,1610612752,NYK,26,61,11,50,0.18,16,2.4,4.9,0.478,0,0,0,0.8,1,0.781,1.7,3.9,5.5,1.2,1,0.6,1.1,0.2,2,1,5.5,-4.5,6,0,5,"2,023,321,610,612,750"
202333,Xavier Henry,1610612747,LAL,24,9,1,8,0.111,9.5,0.3,1.4,0.231,0,0,0,1.6,2.7,0.583,0.2,0.2,0.4,0.3,0.3,0.3,0,0,0.7,1.8,2.2,1.6,0,0,5,"2,023,331,610,612,740"
202334,Ed Davis,1610612747,LAL,26,79,20,59,0.253,23.3,3.6,5.9,0.601,0,0,0,1.2,2.4,0.487,2.9,4.7,7.6,1.2,0.7,0.6,1.2,0.6,2.6,1.8,8.3,-3.4,6,0,5,"2,023,341,610,612,740"
202335,Patrick Patterson,1610612761,TOR,26,81,49,32,0.605,26.6,3,6.6,0.449,1.3,3.5,0.371,0.8,1,0.788,1.6,3.8,5.3,1.9,0.7,0.7,0.5,0.2,1.8,1,8,3.1,3,0,5,"2,023,351,610,612,760"
202336,Larry Sanders,1610612749,MIL,26,27,12,15,0.444,21.7,3.2,6.4,0.5,0,0,0,0.9,1.8,0.5,2.5,3.7,6.1,0.9,1,1,1.4,0.6,3.9,1.4,7.3,-3.3,0,0,5,"2,023,361,610,612,740"
202337,Luke Babbitt,1610612740,NOP,26,63,34,29,0.54,13.2,1.5,3,0.479,0.9,1.8,0.513,0.2,0.3,0.684,0.2,1.6,1.8,0.4,0.4,0.3,0.2,0.2,1,0.3,4.1,-1.6,0,0,5,"2,023,371,610,612,740"
202338,Kevin Seraphin,1610612764,WAS,25,79,45,34,0.57,15.6,2.9,5.7,0.513,0,0,0,0.7,1,0.707,1.1,2.5,3.6,0.7,1.2,0.1,0.7,0.2,2.5,1.1,6.6,-2,1,0,5,"2,023,381,610,612,760"
202339,Eric Bledsoe,1610612756,PHX,25,81,39,42,0.481,34.6,5.8,12.9,0.447,1.1,3.4,0.324,4.4,5.4,0.8,0.9,4.3,5.2,6.1,3.4,1.6,0.6,0.6,2.3,4.7,17,0.5,13,2,5,"2,023,391,610,612,750"
202340,Avery Bradley,1610612738,BOS,24,77,37,40,0.481,31.5,5.6,13.2,0.428,1.6,4.6,0.352,1,1.3,0.79,0.6,2.5,3.1,1.8,1.4,1.1,0.2,0.6,2.3,1.2,13.9,-1.1,1,0,5,"2,023,401,610,612,730"
202343,Elliot Williams,1610612740,NOP,26,13,6,7,0.462,9.1,1.1,2.8,0.378,0.6,1.4,0.444,0.1,0.3,0.25,0,0.6,0.6,0.9,0.3,0.3,0,0.2,0.9,0.4,2.8,0.6,0,0,5,"2,023,431,610,612,740"
202344,Trevor Booker,1610612762,UTA,27,79,37,42,0.468,19.8,2.9,5.9,0.487,0.4,1.1,0.345,1.1,1.9,0.581,1.8,3.3,5,1.1,1.1,0.5,0.5,0.3,1.8,1.5,7.2,0.4,3,0,5,"2,023,441,610,612,760"
202347,Quincy Pondexter,1610612740,NOP,27,75,48,27,0.64,23.9,2.5,6,0.421,1.2,3.3,0.373,0.9,1.3,0.74,0.7,1.9,2.6,1.3,0.7,0.3,0.3,0.3,2,1.2,7.2,0.2,0,0,5,"2,023,471,610,612,740"
202349,Greivis Vasquez,1610612761,TOR,28,82,49,33,0.598,24.3,3.6,8.8,0.408,1.6,4.3,0.379,0.6,0.8,0.758,0.3,2.4,2.6,3.7,1.5,0.6,0.1,0.4,2.2,1,9.5,0.9,0,0,5,"2,023,491,610,612,760"
202355,Hassan Whiteside,1610612748,MIA,26,48,18,30,0.375,23.8,5.1,8.1,0.628,0,0,0,1.6,3.3,0.5,3,7,10,0.1,1.2,0.6,2.6,0.6,2.7,3,11.8,-1.1,22,1,5,"2,023,551,610,612,740"
202361,Landry Fields,1610612761,TOR,27,26,16,10,0.615,8.3,0.8,1.6,0.488,0,0.1,0.5,0.2,0.2,0.833,0.4,0.6,1,0.6,0.3,0.4,0,0.1,0.3,0.3,1.8,-3.1,0,0,5,"2,023,611,610,612,760"
202362,Lance Stephenson,1610612766,CHA,24,61,23,38,0.377,25.8,3.4,9,0.376,0.3,1.7,0.171,1.1,1.8,0.627,0.6,3.9,4.5,3.9,2.1,0.6,0.1,0.5,2.2,1.9,8.2,-3.6,2,0,5,"2,023,621,610,612,760"
202366,Jerome Jordan,1610612751,BKN,28,44,17,27,0.386,8.7,1.1,2.1,0.532,0,0,0,0.9,1,0.864,1.2,1.2,2.4,0.3,0.5,0.2,0.3,0.3,1.3,0.7,3.1,-1.8,1,0,5,"2,023,661,610,612,750"
202379,Jeremy Evans,1610612762,UTA,27,38,19,19,0.5,7,0.8,1.5,0.552,0.1,0.1,0.4,0.6,0.8,0.828,0.7,1.2,1.9,0.3,0.1,0.3,0.3,0.1,0.8,0.7,2.4,0.8,0,0,5,"2,023,791,610,612,760"
202388,Donald Sloan,1610612754,IND,27,53,22,31,0.415,20.9,2.7,6.7,0.408,0.8,2.5,0.313,1.1,1.5,0.779,0.2,2.5,2.7,3.6,1.2,0.4,0,0.6,0.9,1.2,7.4,-1.6,1,0,5,"2,023,881,610,612,750"
202389,Timofey Mozgov,1610612739,CLE,28,81,49,32,0.605,25.3,3.9,7,0.555,0,0.1,0.333,1.9,2.7,0.718,2.5,4.8,7.3,0.7,1.4,0.4,1.2,0.7,2.8,2.4,9.7,3.2,18,0,5,"2,023,891,610,612,730"
202390,Gary Neal,1610612750,MIN,30,54,24,30,0.444,22.1,3.5,9.3,0.374,0.9,3,0.305,2.2,2.5,0.867,0.3,2.1,2.4,1.9,1.2,0.4,0,0.5,1.6,1.9,10.1,-1.9,0,0,5,"2,023,901,610,612,750"
202391,Jeremy Lin,1610612747,LAL,26,74,19,55,0.257,25.8,3.7,8.8,0.424,0.9,2.4,0.369,2.9,3.6,0.795,0.4,2.3,2.6,4.6,2.2,1.1,0.4,0.7,2.6,3.7,11.2,-3.4,3,0,5,"2,023,911,610,612,740"
202397,Ish Smith,1610612755,PHI,26,55,24,31,0.436,15.1,2.6,6.7,0.39,0.3,1.1,0.3,0.6,1,0.596,0.3,1.5,1.8,3.3,1.4,0.7,0.1,0.4,0.9,1.2,6.1,-1.9,0,0,5,"2,023,971,610,612,750"
202399,Jeff Adrien,1610612750,MIN,29,17,1,16,0.059,12.7,1.1,2.6,0.432,0,0,0,1.3,2.2,0.579,1.4,3.2,4.5,0.9,0.5,0.2,0.5,0.5,1.8,2.2,3.5,-0.8,0,0,5,"2,023,991,610,612,750"
202407,Elijah Millsap,1610612762,UTA,27,47,25,22,0.532,19.7,1.7,5.1,0.34,0.6,1.9,0.311,1.2,1.8,0.674,0.6,2.6,3.2,1.2,1.4,1.2,0.3,0.6,2.6,1.5,5.3,1.1,0,0,5,"2,024,071,610,612,760"
202498,Lance Thomas,1610612752,NYK,27,62,20,42,0.323,24,2.9,7.1,0.412,0.1,0.4,0.318,1.2,1.6,0.727,1,2.1,3.1,1.1,1.2,0.6,0.1,0.6,1.6,1.4,7.1,-5.6,0,0,5,"2,024,981,610,612,750"
202620,Arinze Onuaku,1610612750,MIN,27,6,0,6,0,11.4,2,2.3,0.857,0,0,0,0.5,1.3,0.375,1.2,2.3,3.5,0.7,0.3,0.2,0.5,0.2,1,0.7,4.5,-3,0,0,5,"2,026,201,610,612,750"
202681,Kyrie Irving,1610612739,CLE,23,75,52,23,0.693,36.4,7.7,16.5,0.468,2.1,5,0.415,4.2,4.9,0.863,0.7,2.4,3.2,5.2,2.5,1.5,0.3,0.8,1.9,3.8,21.7,5.6,6,0,5,"2,026,811,610,612,730"
202682,Derrick Williams,1610612758,SAC,24,74,27,47,0.365,19.8,2.9,6.6,0.447,0.7,2.1,0.314,1.8,2.6,0.684,0.6,2.2,2.7,0.7,0.8,0.5,0.1,0.5,0.9,1.6,8.3,-3.6,1,0,5,"2,026,821,610,612,750"
202683,Enes Kanter,1610612760,OKC,23,75,32,43,0.427,28.5,6.4,12.4,0.519,0.2,0.6,0.356,2.4,3.1,0.782,3.7,5.3,8.9,0.7,1.9,0.5,0.4,1,2.5,2.6,15.5,-0.4,31,0,5,"2,026,831,610,612,760"
202684,Tristan Thompson,1610612739,CLE,24,82,53,29,0.646,26.8,3.3,6,0.547,0,0,0,1.9,3,0.641,3.3,4.7,8,0.5,1,0.4,0.7,0.6,2.3,2.8,8.5,2.6,14,0,5,"2,026,841,610,612,730"
202685,Jonas Valanciunas,1610612761,TOR,23,80,47,33,0.588,26.2,4.7,8.2,0.572,0,0,0,2.7,3.5,0.786,2.7,6,8.7,0.5,1.4,0.4,1.2,0.8,2.8,2.9,12,-0.3,22,0,5,"2,026,851,610,612,760"
202687,Bismack Biyombo,1610612766,CHA,22,64,26,38,0.406,19.4,1.6,2.9,0.543,0,0,0,1.6,2.7,0.583,2.5,3.9,6.4,0.3,0.8,0.3,1.5,0.4,2.2,2.2,4.8,-0.5,6,0,5,"2,026,871,610,612,760"
202688,Brandon Knight,1610612756,PHX,23,63,33,30,0.524,32.3,6,14.1,0.422,2,5.1,0.389,3.1,3.5,0.874,0.4,3.4,3.9,5.2,3,1.4,0.2,0.6,1.8,3.5,17,-1.3,2,0,5,"2,026,881,610,612,750"
202689,Kemba Walker,1610612766,CHA,25,62,21,41,0.339,34.2,6.1,15.8,0.385,1.4,4.5,0.304,3.8,4.6,0.827,0.6,3,3.5,5.1,1.6,1.4,0.5,1.2,1.5,4.3,17.3,-3,4,0,5,"2,026,891,610,612,760"
202690,Jimmer Fredette,1610612740,NOP,26,50,27,23,0.54,10.2,1.3,3.3,0.38,0.2,1,0.188,0.9,0.9,0.956,0.2,0.6,0.8,1.2,0.7,0.3,0,0.1,0.9,0.8,3.6,0.8,0,0,5,"2,026,901,610,612,740"
202691,Klay Thompson,1610612744,GSW,25,77,64,13,0.831,31.9,7.8,16.9,0.463,3.1,7.1,0.439,2.9,3.3,0.879,0.4,2.9,3.2,2.9,1.9,1.1,0.8,0.7,1.6,2.5,21.7,10.1,1,0,5,"2,026,911,610,612,740"
202692,Alec Burks,1610612762,UTA,23,27,9,18,0.333,33.3,4.5,11.1,0.403,1,2.5,0.382,3.9,4.8,0.822,0.7,3.5,4.2,3,1.9,0.6,0.2,0.9,2.4,3.6,13.9,-4.8,2,0,5,"2,026,921,610,612,760"
202693,Markieff Morris,1610612756,PHX,25,82,39,43,0.476,31.5,6.2,13.4,0.465,0.7,2.2,0.318,2.2,2.8,0.763,1.3,4.8,6.2,2.3,2.1,1.2,0.5,0.5,3,2.7,15.3,1.3,12,0,5,"2,026,931,610,612,750"
202694,Marcus Morris,1610612756,PHX,25,81,39,42,0.481,25.2,4.1,9.4,0.434,1.4,3.9,0.358,0.9,1.4,0.628,0.9,3.9,4.8,1.6,0.9,0.8,0.2,0.3,2.3,1.4,10.4,-0.7,5,0,5,"2,026,941,610,612,750"
202695,Kawhi Leonard,1610612759,SAS,24,64,46,18,0.719,31.8,6.2,12.8,0.479,1,3,0.349,3.2,3.9,0.802,1.3,5.9,7.2,2.5,1.5,2.3,0.8,0.5,2,3.3,16.5,6.9,14,0,5,"2,026,951,610,612,750"
202696,Nikola Vucevic,1610612753,ORL,24,74,21,53,0.284,34.2,8.5,16.3,0.523,0,0.1,0.333,2.2,2.9,0.752,3.2,7.7,10.9,2,2,0.7,0.7,0.6,3,2.9,19.3,-4.1,45,0,5,"2,026,961,610,612,750"
202697,Iman Shumpert,1610612739,CLE,25,62,34,28,0.548,24.9,3.1,7.6,0.41,1.1,3.2,0.342,0.7,1,0.672,0.9,2.7,3.6,2.2,1.5,1.3,0.3,0.2,2.2,1.4,8,1,2,0,5,"2,026,971,610,612,730"
202699,Tobias Harris,1610612753,ORL,22,68,20,48,0.294,34.8,6.5,14,0.466,1.3,3.5,0.364,2.8,3.6,0.788,1.1,5.3,6.3,1.8,1.7,1,0.5,1,2,2.8,17.1,-4.3,11,0,5,"2,026,991,610,612,750"
202700,Donatas Motiejunas,1610612745,HOU,24,71,48,23,0.676,28.7,5,9.9,0.504,0.7,1.9,0.368,1.4,2.3,0.602,1.9,4,5.9,1.8,1.7,0.8,0.5,0.6,2.9,3.2,12,1.4,7,0,5,"2,027,001,610,612,740"
202702,Kenneth Faried,1610612743,DEN,25,75,30,45,0.4,27.8,5,9.8,0.507,0,0.1,0.125,2.7,3.8,0.691,3.2,5.7,8.9,1.2,1.6,0.8,0.8,0.9,2.8,3.9,12.6,-0.5,26,0,5,"2,027,021,610,612,740"
202703,Nikola Mirotic,1610612741,CHI,24,82,50,32,0.61,20.2,3.1,7.6,0.405,1.2,3.8,0.316,2.8,3.5,0.803,0.8,4.2,4.9,1.2,1.1,0.7,0.7,0.4,2.1,2.7,10.2,2.1,8,0,5,"2,027,031,610,612,740"
202704,Reggie Jackson,1610612765,DET,25,77,37,40,0.481,29.5,5.6,12.9,0.434,0.9,3.1,0.299,2.4,2.8,0.83,0.7,3.5,4.2,6,2.4,0.8,0.1,0.9,2.2,2.7,14.5,1.5,15,2,5,"2,027,041,610,612,760"
202706,Jordan Hamilton,1610612746,LAC,24,14,10,4,0.714,8.7,1,2.5,0.4,0.7,1.5,0.476,0,0,0,0.1,1,1.1,0.5,0.3,0.1,0,0.1,1,0,2.7,-2.1,0,0,5,"2,027,061,610,612,740"
202708,Norris Cole,1610612740,NOP,26,75,37,38,0.493,24.4,3.1,7.4,0.412,0.7,2.3,0.313,0.8,1.1,0.716,0.2,1.9,2.1,3.4,1.3,0.8,0.2,0.4,1.7,1.2,7.6,-2.4,0,0,5,"2,027,081,610,612,740"
202709,Cory Joseph,1610612759,SAS,23,79,53,26,0.671,18.3,2.6,5.2,0.504,0.2,0.6,0.364,1.3,1.8,0.734,0.6,1.9,2.4,2.4,0.8,0.6,0.2,0.4,1.3,1.8,6.8,2.2,0,0,5,"2,027,091,610,612,750"
202710,Jimmy Butler,1610612741,CHI,25,65,40,25,0.615,38.7,6.5,14,0.462,1.1,3,0.378,5.9,7.1,0.834,1.8,4.1,5.8,3.3,1.4,1.8,0.6,0.9,1.7,5.2,20,3.7,4,0,5,"2,027,101,610,612,740"
202711,Bojan Bogdanovic,1610612751,BKN,26,78,36,42,0.462,23.8,3.3,7.4,0.453,1.2,3.3,0.355,1.1,1.4,0.821,0.6,2.1,2.7,0.9,1,0.4,0.1,0.5,1.3,1.2,9,-2.3,0,0,5,"2,027,111,610,612,750"
202713,Kyle Singler,1610612760,OKC,27,80,36,44,0.45,21.8,2.2,5.6,0.386,1.2,3,0.398,0.5,0.7,0.769,0.4,2,2.4,1.1,0.7,0.6,0.3,0.3,1.9,0.8,6,-1.1,0,0,5,"2,027,131,610,612,760"
202714,Shelvin Mack,1610612737,ATL,25,55,37,18,0.673,15.1,2.1,5.3,0.401,0.7,2.3,0.315,0.5,0.6,0.806,0.1,1.3,1.4,2.8,0.9,0.5,0,0.3,0.6,0.7,5.4,0.8,1,0,5,"2,027,141,610,612,730"
202718,Chandler Parsons,1610612742,DAL,26,66,41,25,0.621,33.1,5.8,12.6,0.462,2,5.3,0.38,2.1,2.9,0.72,1,3.9,4.9,2.4,1.5,1,0.3,0.6,2.1,2.8,15.7,3.1,3,0,5,"2,027,181,610,612,740"
202720,Jon Leuer,1610612763,MEM,26,63,45,18,0.714,13.1,1.9,4.3,0.443,0.1,0.5,0.241,0.6,0.9,0.627,0.8,2.5,3.3,0.7,0.6,0.3,0.1,0.2,1.4,0.8,4.5,-0.5,1,0,5,"2,027,201,610,612,760"
202721,Darius Morris,1610612751,BKN,24,38,14,24,0.368,7.9,0.9,2.8,0.34,0.2,0.9,0.212,0.1,0.2,0.444,0.2,0.5,0.7,1.3,0.6,0.2,0,0.1,0.5,0.4,2.2,-1.7,0,0,5,"2,027,211,610,612,750"
202723,Malcolm Lee,1610612755,PHI,25,1,0,1,0,2,0,1,0,0,0,0,0,0,0,0,0,0,0,0,0,0,0,0,0,0,3,0,0,5,"2,027,231,610,612,750"
202730,Lavoy Allen,1610612754,IND,26,63,29,34,0.46,17,2.2,4.7,0.472,0,0,0,0.5,0.7,0.702,2,3.2,5.1,1.2,0.6,0.2,0.7,0.2,1.6,0.8,5,1.4,4,0,5,"2,027,301,610,612,750"
202734,E'Twaun Moore,1610612741,CHI,26,56,36,20,0.643,9,1.1,2.5,0.446,0.2,0.7,0.342,0.2,0.4,0.6,0.2,0.6,0.8,0.6,0.3,0.4,0.1,0.2,0.8,0.4,2.7,-0.5,0,0,5,"2,027,341,610,612,740"
202738,Isaiah Thomas,1610612738,BOS,26,67,40,27,0.597,25.8,5,11.9,0.421,1.9,5.2,0.373,4.5,5.2,0.868,0.5,1.8,2.3,4.2,2.1,0.9,0.1,0.8,2.2,4.1,16.4,2.6,0,0,5,"2,027,381,610,612,730"
202779,Dwight Buycks,1610612747,LAL,26,6,1,5,0.167,20.5,3,6.7,0.45,1.2,1.8,0.636,1.5,1.7,0.9,0.3,1.7,2,2.3,2,0.5,0,0.8,0.5,1.7,8.7,-4,0,0,5,"2,027,791,610,612,740"
202952,Malcolm Thomas,1610612755,PHI,26,17,2,15,0.118,11.4,1.1,2.4,0.45,0,0.4,0,0.5,0.8,0.692,0.9,2.4,3.3,0.4,0.8,0.2,0.1,0.3,1,0.7,2.6,-6.4,0,0,5,"2,029,521,610,612,750"
202962,Greg Smith,1610612742,DAL,24,42,27,15,0.643,8.6,0.7,1.2,0.612,0,0,0,0.5,0.9,0.513,0.6,1.3,1.9,0.2,0.3,0.2,0.3,0.2,1.3,0.6,1.9,-0.6,0,0,5,"2,029,621,610,612,740"
203076,Anthony Davis,1610612740,NOP,22,68,39,29,0.574,36.1,9.4,17.6,0.535,0,0.2,0.083,5.5,6.8,0.805,2.5,7.7,10.2,2.2,1.4,1.5,2.9,0.8,2.1,5.5,24.4,3.9,42,0,5,"2,030,761,610,612,740"
203077,Michael Kidd-Gilchrist,1610612766,CHA,21,55,27,28,0.491,28.9,4.1,8.8,0.465,0,0,0,2.7,3.9,0.701,2,5.6,7.6,1.4,1.1,0.5,0.7,1.1,2.1,3.1,10.9,1.3,12,0,5,"2,030,771,610,612,760"
203078,Bradley Beal,1610612764,WAS,22,63,37,26,0.587,33.5,5.8,13.5,0.427,1.7,4.1,0.409,2.1,2.6,0.783,0.9,2.9,3.8,3.1,2,1.2,0.3,0.8,2.2,2.3,15.3,3.1,2,0,5,"2,030,781,610,612,760"
203079,Dion Waiters,1610612760,OKC,23,80,46,34,0.575,27.6,4.7,11.8,0.396,0.9,3.1,0.297,1.5,2.2,0.68,0.5,1.9,2.4,2,1.4,1.1,0.3,0.7,1.9,1.8,11.8,0.7,1,0,5,"2,030,791,610,612,760"
203080,Thomas Robinson,1610612755,PHI,24,54,26,28,0.481,14.8,2.3,4.8,0.485,0,0,0,1,2,0.528,1.8,3.9,5.6,0.6,1.1,0.6,0.4,0.5,1.9,1.6,5.7,0.2,4,0,5,"2,030,801,610,612,750"
203081,Damian Lillard,1610612757,POR,24,82,51,31,0.622,35.7,7.2,16.6,0.434,2.4,7,0.343,4.2,4.9,0.864,0.6,4,4.6,6.2,2.7,1.2,0.3,0.8,2,4.4,21,3.7,6,0,5,"2,030,811,610,612,750"
203082,Terrence Ross,1610612761,TOR,24,82,49,33,0.598,25.5,3.8,9.2,0.41,1.8,4.8,0.372,0.5,0.7,0.786,0.4,2.4,2.8,1,0.8,0.6,0.3,0.4,1.7,0.6,9.8,0.5,0,0,5,"2,030,821,610,612,760"
203083,Andre Drummond,1610612765,DET,21,82,32,50,0.39,30.5,6,11.7,0.514,0,0,0,1.7,4.5,0.389,5.3,8.1,13.5,0.7,1.5,0.9,1.9,0.7,3.5,3.3,13.8,-0.7,48,0,5,"2,030,831,610,612,760"
203084,Harrison Barnes,1610612744,GSW,23,82,67,15,0.817,28.3,3.9,8,0.482,1.1,2.6,0.405,1.3,1.8,0.72,1.4,4.1,5.5,1.4,0.9,0.7,0.2,0.4,1.8,1.4,10.1,6.5,6,0,5,"2,030,841,610,612,740"
203085,Austin Rivers,1610612746,LAC,22,76,46,30,0.605,20.6,2.7,6.5,0.409,0.5,1.7,0.298,1.1,1.7,0.675,0.4,1.6,2,2,0.9,0.6,0.2,0.3,1.9,1.4,7,-1.7,0,0,5,"2,030,851,610,612,740"
203086,Meyers Leonard,1610612757,POR,23,55,32,23,0.582,15.4,2.3,4.5,0.51,0.9,2,0.42,0.5,0.6,0.938,0.8,3.7,4.5,0.6,0.7,0.2,0.3,0.1,2.1,1,5.9,0.3,3,0,5,"2,030,861,610,612,750"
203087,Jeremy Lamb,1610612760,OKC,23,47,27,20,0.574,13.5,2.2,5.3,0.416,0.8,2.4,0.342,1,1.2,0.891,0.2,2.1,2.3,0.9,0.6,0.4,0.1,0.1,1.1,0.9,6.3,-1.6,1,0,5,"2,030,871,610,612,760"
203088,Kendall Marshall,1610612749,MIL,23,28,13,15,0.464,14.9,1.6,3.6,0.455,0.6,1.6,0.391,0.3,0.3,0.889,0.1,0.9,1,3.1,1.3,0.8,0,0.2,0.9,0.8,4.2,1.9,0,0,5,"2,030,881,610,612,740"
203089,John Henson,1610612749,MIL,24,67,35,32,0.522,18.3,2.9,5.2,0.566,0,0,0,1.2,2,0.569,1.9,2.8,4.7,0.9,1.3,0.4,2,0.3,2.3,1.7,7,-1.1,2,0,5,"2,030,891,610,612,740"
203090,Maurice Harkless,1610612753,ORL,22,45,9,36,0.2,15,1.4,3.5,0.399,0.2,1.2,0.179,0.5,0.9,0.537,0.8,1.5,2.4,0.6,0.6,0.7,0.2,0.2,1.5,0.8,3.5,-2,0,0,5,"2,030,901,610,612,750"
203092,Tyler Zeller,1610612738,BOS,25,82,40,42,0.488,21.1,4.1,7.5,0.549,0,0,0,1.9,2.3,0.823,1.8,3.9,5.7,1.4,0.9,0.2,0.6,0.7,2.5,2.2,10.2,-1.4,3,0,5,"2,030,921,610,612,730"
203093,Terrence Jones,1610612745,HOU,23,33,24,9,0.727,27,4.8,9.1,0.528,0.4,1.1,0.351,1.7,2.8,0.606,2.4,4.3,6.7,1.1,1.1,0.5,1.8,0.9,2.4,2,11.7,2.4,8,0,5,"2,030,931,610,612,740"
203094,Andrew Nicholson,1610612753,ORL,25,40,14,26,0.35,12.3,2.1,4.8,0.437,0.3,1,0.317,0.4,0.6,0.6,0.4,1.6,2.1,0.6,0.6,0.2,0.3,0.1,1.3,0.9,4.9,-2.1,0,0,5,"2,030,941,610,612,750"
203095,Evan Fournier,1610612753,ORL,22,58,19,39,0.328,28.6,4.4,9.9,0.44,1.5,3.9,0.378,1.8,2.5,0.728,0.5,2.2,2.6,2.1,1.4,0.7,0,0.6,2,2.2,12,-2.5,0,0,5,"2,030,951,610,612,750"
203096,Jared Sullinger,1610612738,BOS,23,58,26,32,0.448,27,5.4,12.2,0.439,0.9,3.2,0.283,1.7,2.2,0.744,2.5,5.1,7.6,2.3,1.3,0.8,0.7,0.6,2.6,2.2,13.3,-0.3,12,0,5,"2,030,961,610,612,730"
203098,John Jenkins,1610612737,ATL,24,24,13,11,0.542,12.4,2,4.1,0.495,0.9,2.2,0.404,0.7,0.8,0.842,0.1,1.5,1.6,0.5,0.3,0.4,0,0.2,0.6,0.8,5.6,-1,0,0,5,"2,030,981,610,612,730"
203099,Jared Cunningham,1610612746,LAC,24,19,12,7,0.632,4.7,0.6,1.7,0.364,0.2,0.7,0.308,0.4,0.7,0.538,0.1,0.4,0.5,0.5,0.4,0.2,0,0.1,0.6,0.5,1.8,-0.3,0,0,5,"2,030,991,610,612,740"
203100,Tony Wroten,1610612755,PHI,22,30,4,26,0.133,29.8,5.8,14.5,0.403,1.2,4.7,0.261,4,6,0.667,0.7,2.1,2.9,5.2,3.8,1.6,0.3,1.2,2.4,4.1,16.9,-7.8,2,0,5,"2,031,001,610,612,750"
203101,Miles Plumlee,1610612749,MIL,26,73,34,39,0.466,16.4,1.9,3.5,0.535,0,0,0,0.3,0.6,0.478,1.5,2.8,4.4,0.5,0.7,0.6,0.9,0.3,1.5,0.7,4,0,1,0,5,"2,031,011,610,612,740"
203103,Perry Jones,1610612760,OKC,23,43,23,20,0.535,14.7,1.7,4.3,0.397,0.3,1.4,0.233,0.6,0.9,0.649,0.1,1.6,1.8,0.4,0.6,0.4,0.2,0.2,1.2,0.8,4.3,-3.1,0,0,5,"2,031,031,610,612,760"
203105,Festus Ezeli,1610612744,GSW,25,46,39,7,0.848,10.9,1.7,3,0.547,0,0,0,1.1,1.7,0.628,1.3,2.1,3.4,0.2,0.7,0.2,0.9,0.4,1.7,1.3,4.4,0.3,0,0,5,"2,031,051,610,612,740"
203106,Jeff Taylor,1610612766,CHA,26,29,11,18,0.379,14.8,1.6,3.9,0.395,0.4,1.2,0.306,0.9,1.4,0.634,0.5,1.3,1.8,0.8,0.7,0.4,0,0.5,1.2,1,4.4,-4.3,0,0,5,"2,031,061,610,612,760"
203108,Bernard James,1610612742,DAL,30,16,6,10,0.375,9.9,0.8,1.7,0.444,0,0,0,1.3,1.4,0.87,1.1,1.3,2.4,0.3,0.4,0.1,0.9,0.5,1.1,0.9,2.8,-0.6,0,0,5,"2,031,081,610,612,740"
203109,Jae Crowder,1610612738,BOS,24,82,47,35,0.573,20.1,2.8,6.6,0.42,0.7,2.5,0.293,1.3,1.7,0.773,0.9,2.7,3.6,1.1,0.6,0.9,0.3,0.3,1.7,1.4,7.7,0.8,0,0,5,"2,031,091,610,612,730"
203110,Draymond Green,1610612744,GSW,25,79,64,15,0.81,31.5,4.3,9.7,0.443,1.4,4.2,0.337,1.7,2.5,0.66,1.4,6.7,8.2,3.7,1.7,1.6,1.3,0.4,3.2,2.6,11.7,10.6,18,1,5,"2,031,101,610,612,740"
203112,Quincy Acy,1610612752,NYK,24,68,12,56,0.176,18.9,2.2,4.9,0.459,0.3,0.9,0.3,1.1,1.4,0.784,1.2,3.3,4.4,1,0.9,0.4,0.3,0.1,2.2,1.6,5.9,-3.1,1,0,5,"2,031,121,610,612,750"
203113,Quincy Miller,1610612765,DET,22,10,2,8,0.2,12,0.9,3.8,0.237,0.3,1.8,0.167,0.8,1.1,0.727,0.4,1.6,2,0.8,0.5,0.7,0.5,0.5,0.9,0.7,2.9,4.1,0,0,5,"2,031,131,610,612,760"
203114,Khris Middleton,1610612749,MIL,23,79,40,39,0.506,30.1,5.1,11,0.467,1.4,3.4,0.407,1.7,2,0.859,0.6,3.8,4.4,2.3,1.4,1.5,0.1,0.4,2.3,1.7,13.4,4,1,0,5,"2,031,141,610,612,740"
203115,Will Barton,1610612743,DEN,24,58,30,28,0.517,17,2.6,6.1,0.425,0.4,1.5,0.271,1.3,1.6,0.787,0.4,2.3,2.8,1.4,1.1,0.8,0.3,0.6,1.2,1.2,6.8,-0.5,2,0,5,"2,031,151,610,612,740"
203118,Mike Scott,1610612737,ATL,26,68,52,16,0.765,16.5,3,6.7,0.444,1,2.8,0.344,0.9,1.1,0.792,0.7,2.3,2.9,1.1,0.6,0.4,0,0.2,1.2,1,7.8,0.4,0,0,5,"2,031,181,610,612,730"
203120,Justin Hamilton,1610612750,MIN,25,41,6,35,0.146,17.4,2.1,4.3,0.478,0.2,0.8,0.323,1,1.1,0.83,1.4,1.9,3.3,0.9,0.6,0.7,0.7,0.3,1.7,1.4,5.3,-4.2,2,0,5,"2,031,201,610,612,750"
203121,Darius Miller,1610612740,NOP,25,5,1,4,0.2,8.7,0.2,1.4,0.143,0,0.2,0,0,0,0,0,0.2,0.2,0.4,0.2,0.2,0,0,1.6,0,0.4,-2.4,0,0,5,"2,031,211,610,612,740"
203123,Kostas Papanikolaou,1610612745,HOU,24,43,29,14,0.674,18.5,1.6,4.6,0.35,0.7,2.5,0.292,0.3,0.4,0.722,0.9,1.8,2.7,2,1.3,0.7,0.3,0.3,1.7,0.7,4.2,-0.9,0,0,5,"2,031,231,610,612,740"
203124,Kyle O'Quinn,1610612753,ORL,25,51,15,36,0.294,16.2,2.3,4.7,0.492,0.2,0.8,0.279,0.9,1.1,0.772,0.9,3,3.9,1.2,1.1,0.6,0.8,0.2,2.2,1,5.8,-2.4,3,0,5,"2,031,241,610,612,750"
203128,Furkan Aldemir,1610612755,PHI,23,41,9,32,0.22,13.2,1,1.9,0.513,0,0.1,0,0.3,0.7,0.481,1.9,2.4,4.3,0.7,0.4,0.4,0.4,0.2,2.3,0.9,2.3,-2.5,1,0,5,"2,031,281,610,612,750"
203133,Robbie Hummel,1610612750,MIN,26,45,5,40,0.111,16.5,1.8,3.8,0.459,0.4,1.1,0.314,0.5,0.6,0.828,0.7,2.3,3,0.6,0.4,0.4,0.2,0.1,1.9,1.1,4.4,-3.3,2,0,5,"2,031,331,610,612,750"
203135,Robert Sacre,1610612747,LAL,26,67,19,48,0.284,16.9,1.9,4.6,0.412,0,0,0,0.8,1.2,0.671,1.3,2.1,3.5,0.8,0.5,0.4,0.6,0.2,1.8,1.1,4.6,-1,0,0,5,"2,031,351,610,612,740"
203136,Ognjen Kuzmic,1610612744,GSW,25,16,13,3,0.813,4.5,0.5,0.8,0.667,0,0,0,0.3,0.3,1,0.4,0.6,1.1,0.4,0.3,0.1,0.1,0,0.8,0.1,1.3,-2.4,0,0,5,"2,031,361,610,612,740"
203138,Hollis Thompson,1610612755,PHI,24,71,13,58,0.183,25,3.2,7.6,0.413,1.6,4,0.401,0.9,1.3,0.708,0.7,2,2.8,1.2,0.9,0.8,0.4,0.4,2,1,8.8,-4.8,0,0,5,"2,031,381,610,612,750"
203141,Mirza Teletovic,1610612751,BKN,29,40,16,24,0.4,22.3,3.1,8,0.382,1.6,4.8,0.321,0.8,1.2,0.717,0.7,4.2,4.9,1.2,1.3,0.4,0.4,0.3,1.9,1.3,8.5,-0.3,1,0,5,"2,031,411,610,612,750"
203142,Chris Copeland,1610612754,IND,31,50,19,31,0.38,16.6,2.2,6.2,0.361,1,3.3,0.311,0.7,0.9,0.733,0.5,1.8,2.2,1,1.2,0.2,0.2,0.5,1.6,1,6.2,-0.6,1,0,5,"2,031,421,610,612,750"
203143,Pablo Prigioni,1610612745,HOU,38,67,25,42,0.373,17.9,1.4,3.4,0.399,0.9,2.5,0.343,0.5,0.6,0.854,0.4,1.3,1.8,2.6,0.9,1.2,0,0.1,1.3,0.9,4.1,-0.9,0,0,5,"2,031,431,610,612,740"
203144,Alexey Shved,1610612752,NYK,26,42,10,32,0.238,18.3,3.2,8,0.397,1.1,3.3,0.338,2.9,3.6,0.807,0.5,1.8,2.4,2.5,1.1,0.7,0.1,0.6,1.1,2.4,10.3,-3.1,2,0,5,"2,031,441,610,612,750"
203145,Kent Bazemore,1610612737,ATL,25,75,53,22,0.707,17.6,1.9,4.4,0.426,0.6,1.8,0.364,0.8,1.3,0.6,0.3,2.7,3,1,1,0.7,0.4,0.3,1.7,1.2,5.2,-1.3,0,0,5,"2,031,451,610,612,730"
203148,Brian Roberts,1610612766,CHA,29,72,30,42,0.417,18.5,2.4,6.3,0.389,0.9,2.7,0.321,0.9,1,0.892,0.2,1.3,1.5,2.3,0.8,0.5,0.1,0.2,1,1.4,6.7,-1.2,0,0,5,"2,031,481,610,612,760"
203156,Henry Sims,1610612755,PHI,25,73,14,59,0.192,19.2,3.3,6.9,0.474,0.1,0.3,0.182,1.5,1.9,0.774,1.7,3.3,4.9,1.1,1.4,0.5,0.4,0.4,1.8,1.5,8,-4.5,4,0,5,"2,031,561,610,612,750"
203187,Chris Johnson,1610612762,UTA,25,29,9,20,0.31,18.2,2.1,5.3,0.403,1,3.3,0.295,0.5,0.6,0.875,0.3,1.6,1.9,0.5,0.5,0.9,0.2,0.3,1.5,0.7,5.7,-1.1,0,0,5,"2,031,871,610,612,760"
203200,Justin Holiday,1610612744,GSW,26,59,49,10,0.831,11.1,1.5,4,0.387,0.6,1.8,0.321,0.6,0.8,0.822,0.2,1,1.2,0.8,0.5,0.7,0.2,0.2,0.9,0.6,4.3,-0.2,0,0,5,"2,032,001,610,612,740"
203210,JaMychal Green,1610612763,MEM,25,24,10,14,0.417,6.8,1.1,2,0.574,0,0.3,0,0.3,0.4,0.8,0.8,1.1,1.9,0.2,0.6,0.2,0.2,0.1,1,0.4,2.6,-1,0,0,5,"2,032,101,610,612,760"
203268,Jorge Gutierrez,1610612749,MIL,26,20,10,10,0.5,8.7,1.1,2.1,0.537,0,0.2,0,0.5,0.7,0.692,0.3,1,1.3,1.1,0.6,0.3,0,0.1,1.3,0.7,2.7,-1.3,0,0,5,"2,032,681,610,612,740"
203315,Toure Murry,1610612764,WAS,25,5,3,2,0.6,3.6,0.4,1,0.4,0,0,0,0.4,0.4,1,0.2,0,0.2,0.2,0.8,0.2,0,0,0.4,0.2,1.2,0,0,0,5,"2,033,151,610,612,760"
203318,Glen Rice Jr.,1610612764,WAS,24,5,4,1,0.8,8.5,0.6,3,0.2,0.2,1.4,0.143,0.8,1.2,0.667,0.4,0.4,0.8,0.4,0.4,0,0,0.2,2.2,1.4,2.2,-4.6,0,0,5,"2,033,181,610,612,760"
203382,Aron Baynes,1610612759,SAS,28,70,49,21,0.7,16,2.6,4.7,0.566,0,0.1,0.25,1.3,1.5,0.865,1.6,3,4.5,0.5,0.9,0.2,0.3,0.5,2.3,1.6,6.6,1.9,5,0,5,"2,033,821,610,612,750"
203457,Nerlens Noel,1610612755,PHI,21,75,18,57,0.24,30.8,4,8.7,0.462,0,0,0,1.9,3.1,0.609,2.5,5.7,8.1,1.7,1.9,1.8,1.9,0.5,2.8,3,9.9,-5.7,18,0,5,"2,034,571,610,612,750"
203458,Alex Len,1610612756,PHX,22,69,35,34,0.507,22,2.6,5.1,0.507,0,0,0.333,1.1,1.5,0.702,2.1,4.5,6.6,0.5,1.1,0.5,1.5,0.4,3.1,1.5,6.3,-0.4,10,0,5,"2,034,581,610,612,750"
203459,Allen Crabbe,1610612757,POR,23,51,36,15,0.706,13.4,1.2,3,0.412,0.6,1.7,0.353,0.2,0.3,0.75,0.1,1.3,1.4,0.8,0.3,0.4,0.3,0,1.5,0.4,3.3,-0.5,0,0,5,"2,034,591,610,612,750"
203460,Andre Roberson,1610612760,OKC,23,67,41,26,0.612,19.2,1.4,3,0.458,0.3,1.3,0.247,0.3,0.7,0.479,0.9,2.9,3.8,1,0.7,0.8,0.4,0.3,2.1,0.5,3.4,1.5,1,0,5,"2,034,601,610,612,760"
203461,Anthony Bennett,1610612750,MIN,22,57,12,45,0.211,15.7,2.2,5.2,0.421,0.1,0.4,0.304,0.7,1.1,0.641,0.9,2.9,3.8,0.8,0.6,0.5,0.3,0.4,1.5,0.9,5.2,-5.2,2,0,5,"2,034,611,610,612,750"
203462,Archie Goodwin,1610612756,PHX,20,41,16,25,0.39,13,1.9,4.9,0.393,0.3,1,0.293,1.5,2,0.735,0.7,1.1,1.8,1.1,1.2,0.4,0.2,0.5,1.3,1.8,5.6,-4,0,0,5,"2,034,621,610,612,750"
203463,Ben McLemore,1610612758,SAC,22,82,29,53,0.354,32.6,4.4,10.1,0.437,1.7,4.8,0.358,1.6,2,0.813,0.4,2.6,2.9,1.7,1.7,0.9,0.2,0.5,2.7,1.6,12.1,-0.4,0,0,5,"2,034,631,610,612,750"
203468,CJ McCollum,1610612757,POR,23,62,37,25,0.597,15.7,2.6,5.9,0.436,0.9,2.2,0.396,0.8,1.2,0.699,0.2,1.2,1.5,1,0.8,0.7,0.1,0.4,1.3,1,6.8,1.9,0,0,5,"2,034,681,610,612,750"
203469,Cody Zeller,1610612766,CHA,22,62,27,35,0.435,24,2.8,6,0.461,0,0,1,2,2.6,0.774,1.6,4.3,5.8,1.6,1,0.5,0.8,0.7,2.5,2.4,7.6,0.3,2,0,5,"2,034,691,610,612,760"
203471,Dennis Schroder,1610612737,ATL,21,77,57,20,0.74,19.7,3.7,8.6,0.427,0.7,1.9,0.351,1.9,2.3,0.827,0.4,1.8,2.1,4.1,1.9,0.6,0.1,1,1.6,2.2,10,0.1,5,0,5,"2,034,711,610,612,730"
203473,Dewayne Dedmon,1610612753,ORL,25,59,17,42,0.288,14.3,1.5,2.7,0.562,0,0,0,0.6,1.1,0.531,2,3,5,0.2,0.9,0.3,0.8,0.3,2.4,0.9,3.7,-0.4,2,0,5,"2,034,731,610,612,750"
203475,Erick Green,1610612743,DEN,24,43,15,28,0.349,9.5,1.4,3.8,0.377,0.3,1.1,0.298,0.2,0.3,0.833,0.2,0.6,0.7,0.9,0.3,0.3,0,0.1,0.6,0.3,3.4,-1.9,0,0,5,"2,034,751,610,612,740"
203476,Gorgui Dieng,1610612750,MIN,25,73,16,57,0.219,30,3.5,7,0.506,0,0.1,0.167,2.6,3.3,0.783,3.1,5.3,8.3,2,1.7,1,1.7,0.8,2.6,2.7,9.7,-5.3,18,0,5,"2,034,761,610,612,750"
203477,Isaiah Canaan,1610612755,PHI,24,47,24,23,0.511,20,3.1,8,0.386,1.9,5.2,0.37,1,1.3,0.817,0.4,1.5,1.9,2.1,1.3,0.6,0.1,0.6,1.8,1.3,9.2,-1.3,0,0,5,"2,034,771,610,612,750"
203479,Jamaal Franklin,1610612743,DEN,23,3,1,2,0.333,4.4,0.3,0.7,0.5,0.3,0.7,0.5,0,0,0,0.3,0.3,0.7,1,1,0,0.3,0,1.3,0.3,1,-3,0,0,5,"2,034,791,610,612,740"
203481,Jeff Withey,1610612740,NOP,25,37,17,20,0.459,7,0.9,1.7,0.5,0,0,0,0.9,1.4,0.68,0.6,1.1,1.7,0.3,0.3,0.1,0.5,0.4,0.7,1,2.6,-1.1,0,0,5,"2,034,811,610,612,740"
203482,Kelly Olynyk,1610612738,BOS,24,64,31,33,0.484,22.2,3.9,8.3,0.475,1,2.7,0.349,1.5,2.1,0.684,1.4,3.3,4.7,1.7,1.5,1,0.6,0.5,3.3,2.2,10.3,3.5,3,0,5,"2,034,821,610,612,730"
203484,Kentavious Caldwell-Pope,1610612765,DET,22,82,32,50,0.39,31.5,4.8,11.9,0.401,1.9,5.4,0.345,1.3,1.9,0.696,0.6,2.5,3.1,1.3,1.1,1.1,0.2,0.4,2,1.7,12.7,0.8,0,0,5,"2,034,841,610,612,760"
203485,Lorenzo Brown,1610612750,MIN,24,29,6,23,0.207,18.9,1.8,4.2,0.426,0.2,1,0.214,0.4,0.7,0.632,0.5,1.9,2.4,3.1,1,1,0.2,0.3,1.7,0.6,4.2,-3.2,0,0,5,"2,034,851,610,612,750"
203486,Mason Plumlee,1610612751,BKN,25,82,38,44,0.463,21.3,3.4,6,0.573,0,0,0,1.9,3.9,0.495,2.1,4.1,6.2,0.9,1.3,0.8,0.8,0.7,2.5,3.1,8.7,-2.2,12,0,5,"2,034,861,610,612,750"
203487,Michael Carter-Williams,1610612749,MIL,23,66,21,45,0.318,32.6,5.5,13.9,0.396,0.5,2.3,0.235,3.1,4.4,0.694,1,4.4,5.3,6.7,3.8,1.7,0.5,1.1,2.5,4.2,14.6,-2.5,11,3,5,"2,034,871,610,612,740"
203488,Mike Muscala,1610612737,ATL,23,40,26,14,0.65,12.6,2.1,3.8,0.55,0.2,0.6,0.409,0.6,0.6,0.88,1.3,1.7,3,0.6,0.5,0.4,0.5,0.2,1.3,0.8,4.9,1.4,1,0,5,"2,034,881,610,612,730"
203489,Nate Wolters,1610612740,NOP,24,21,14,7,0.667,11.7,1,2.7,0.351,0,0.3,0,0.1,0.3,0.333,0.4,1.2,1.6,1,0.6,0.4,0.1,0.2,0.9,0.7,2,-0.6,0,0,5,"2,034,891,610,612,740"
203490,Otto Porter,1610612764,WAS,22,74,41,33,0.554,19.4,2.4,5.3,0.45,0.5,1.4,0.337,0.8,1.1,0.734,0.9,2,3,0.9,0.7,0.6,0.4,0.2,1.3,1,6,-0.5,0,0,5,"2,034,901,610,612,760"
203492,Ray McCallum,1610612758,SAC,24,68,22,46,0.324,21.1,3,6.9,0.438,0.5,1.6,0.306,0.8,1.2,0.679,0.8,1.9,2.6,2.8,1.3,0.7,0.2,0.5,1.4,1.2,7.4,-3.5,0,0,5,"2,034,921,610,612,750"
203493,Reggie Bullock,1610612756,PHX,24,36,19,17,0.528,9.4,0.7,1.9,0.343,0.4,1.3,0.326,0.2,0.3,0.667,0,1.4,1.4,0.2,0.2,0.3,0.1,0.1,0.5,0.2,1.9,-0.2,0,0,5,"2,034,931,610,612,750"
203495,Ricky Ledo,1610612752,NYK,22,17,4,13,0.235,14.4,1.9,5.6,0.333,0.6,1.6,0.37,0.9,1.3,0.727,0.9,1.2,2.1,1.1,1.5,0.4,0.1,0.6,1.2,1.1,5.3,-3.1,0,0,5,"2,034,951,610,612,750"
203496,Robert Covington,1610612755,PHI,24,70,18,52,0.257,27.9,4.3,10.8,0.396,2.4,6.4,0.374,2.5,3.1,0.82,0.9,3.6,4.5,1.5,1.8,1.4,0.4,0.5,2.7,2.3,13.5,-2.1,1,0,5,"2,034,961,610,612,750"
203497,Rudy Gobert,1610612762,UTA,23,82,38,44,0.463,26.3,3.1,5.2,0.604,0,0,0,2.1,3.3,0.623,3.2,6.2,9.5,1.3,1.4,0.8,2.3,0.5,2.1,2.8,8.4,0.1,25,0,5,"2,034,971,610,612,760"
203498,Shabazz Muhammad,1610612750,MIN,22,38,6,32,0.158,22.8,5.1,10.4,0.489,0.5,1.3,0.392,2.7,3.8,0.717,1.7,2.4,4.1,1.2,0.9,0.5,0.2,0.9,1.3,3.2,13.5,-4.2,1,0,5,"2,034,981,610,612,750"
203499,Shane Larkin,1610612752,NYK,22,76,16,60,0.211,24.5,2.5,5.7,0.433,0.5,1.5,0.302,0.8,1,0.782,0.4,1.9,2.3,3,1.1,1.2,0.1,0.4,2,1.2,6.2,-5.3,1,0,5,"2,034,991,610,612,750"
203500,Steven Adams,1610612760,OKC,21,70,37,33,0.529,25.3,3.1,5.7,0.544,0,0,0,1.5,2.9,0.502,2.8,4.6,7.5,0.9,1.4,0.5,1.2,0.4,3.2,2.7,7.7,0.6,10,0,5,"2,035,001,610,612,760"
203501,Tim Hardaway Jr.,1610612752,NYK,23,70,16,54,0.229,24,4,10.2,0.389,1.7,5.1,0.342,1.8,2.2,0.801,0.2,2.1,2.2,1.8,1.2,0.3,0.2,0.6,1.7,2,11.5,-5,0,0,5,"2,035,011,610,612,750"
203503,Tony Snell,1610612741,CHI,23,72,43,29,0.597,19.6,2.2,5.2,0.429,1,2.7,0.371,0.6,0.8,0.8,0.4,2,2.4,0.9,0.7,0.4,0.2,0.3,1.2,0.6,6,0.7,1,0,5,"2,035,031,610,612,740"
203504,Trey Burke,1610612762,UTA,22,76,35,41,0.461,30.1,4.9,13.2,0.368,1.6,5.1,0.318,1.4,1.9,0.752,0.4,2.3,2.7,4.3,1.6,0.9,0.2,0.7,1.6,1.5,12.8,-0.6,3,0,5,"2,035,041,610,612,760"
203505,Vander Blue,1610612747,LAL,22,2,0,2,0,36.9,4.5,15,0.3,1,5,0.2,1,2.5,0.4,1,3.5,4.5,4,3,1.5,0,1,2,1.5,11,-19,0,0,5,"2,035,051,610,612,740"
203506,Victor Oladipo,1610612753,ORL,23,72,22,50,0.306,35.7,6.6,15.1,0.436,1.2,3.4,0.339,3.6,4.4,0.819,0.7,3.5,4.2,4.1,2.8,1.7,0.3,1.3,2.6,3.6,17.9,-4.2,3,0,5,"2,035,061,610,612,750"
203507,Giannis Antetokounmpo,1610612749,MIL,20,81,41,40,0.506,31.4,4.7,9.6,0.491,0.1,0.5,0.159,3.2,4.3,0.741,1.2,5.5,6.7,2.6,2.1,0.9,1,0.8,3.1,3.5,12.7,0.1,10,0,5,"2,035,071,610,612,740"
203508,Sergey Karasev,1610612751,BKN,21,33,12,21,0.364,16.8,1.6,4.1,0.403,0.5,1.6,0.296,0.9,1.2,0.763,0.7,1.3,2,1.4,0.7,0.7,0,0.3,1.4,1,4.6,0.5,0,0,5,"2,035,081,610,612,750"
203511,Grant Jerrett,1610612762,UTA,21,8,6,2,0.75,6.4,0.9,3.3,0.269,0.1,1.9,0.067,0.1,0.1,1,0.3,0.9,1.1,0.4,0.4,0.3,0.3,0,1.4,0.1,2,-2.5,0,0,5,"2,035,111,610,612,760"
203512,Lucas Nogueira,1610612761,TOR,22,6,3,3,0.5,3.8,0.3,1.3,0.25,0,0,0,0.3,0.7,0.5,0.3,1.5,1.8,0.2,0.3,0.3,0,0,1,0.3,1,-1.8,0,0,5,"2,035,121,610,612,760"
203515,Phil Pressey,1610612738,BOS,24,50,22,28,0.44,12,1.3,3.5,0.368,0.3,1.3,0.246,0.7,1,0.673,0.3,1.3,1.6,2.3,0.8,0.6,0.1,0.3,1.1,1.1,3.5,0,1,0,5,"2,035,151,610,612,730"
203516,James Ennis,1610612748,MIA,24,62,27,35,0.435,17,1.6,4,0.409,0.5,1.5,0.326,1.3,1.5,0.84,0.8,2,2.8,0.8,0.6,0.4,0.3,0.4,1.4,1.1,5,-0.1,1,0,5,"2,035,161,610,612,740"
203521,Matthew Dellavedova,1610612739,CLE,24,67,43,24,0.642,20.6,1.7,4.6,0.362,1,2.5,0.407,0.4,0.6,0.763,0.6,1.3,1.9,3,0.9,0.4,0,0.3,2.3,1,4.8,0.6,2,0,5,"2,035,211,610,612,730"
203524,Solomon Hill,1610612754,IND,24,82,38,44,0.463,29,3.1,7.7,0.396,0.8,2.5,0.327,1.9,2.4,0.824,0.9,3,3.8,2.2,1.4,0.8,0.2,0.7,2.2,2,8.9,-2.2,1,0,5,"2,035,241,610,612,750"
203527,Ryan Kelly,1610612747,LAL,24,52,11,41,0.212,23.7,2,5.9,0.337,0.9,2.6,0.336,1.5,1.8,0.832,0.3,2.6,2.8,1.8,0.7,0.6,0.5,0.2,2.3,1.1,6.4,-2.8,0,0,5,"2,035,271,610,612,740"
203530,Joffrey Lauvergne,1610612743,DEN,23,24,9,15,0.375,11.2,1.5,3.7,0.404,0.1,0.7,0.188,0.8,1.2,0.643,1.1,2.1,3.2,0.5,0.9,0.3,0.4,0.6,1.8,0.9,3.9,-4.5,0,0,5,"2,035,301,610,612,740"
203539,Gal Mekel,1610612740,NOP,27,4,2,2,0.5,10.9,0.8,5,0.15,0,0.8,0,0,0,0,0,0.3,0.3,3.3,0.5,0.5,0,0.8,0.3,0.3,1.5,0.5,0,0,5,"2,035,391,610,612,740"
203540,Gigi Datome,1610612738,BOS,27,21,11,10,0.524,10,2,4.2,0.483,0.9,1.9,0.45,0,0,1,0.1,1.2,1.4,0.4,0.4,0.1,0.3,0,0.7,0.4,5,3.2,0,0,5,"2,035,401,610,612,730"
203544,Pero Antic,1610612737,ATL,32,63,46,17,0.73,16.5,1.7,4.7,0.365,0.8,2.7,0.301,1.4,2,0.715,0.9,2.1,3,0.8,0.8,0.3,0.2,0.3,2.1,2,5.7,2.5,0,0,5,"2,035,441,610,612,730"
203545,Miroslav Raduljica,1610612750,MIN,27,5,0,5,0,4.6,0.6,1.6,0.375,0,0,0,0.4,0.4,1,0.4,0.6,1,0,0.4,0.2,0,0.2,1.6,0.4,1.6,-0.6,0,0,5,"2,035,451,610,612,750"
203546,Ian Clark,1610612743,DEN,24,30,9,21,0.3,6.4,0.6,1.8,0.345,0.3,1,0.333,0.3,0.3,1,0.1,0.4,0.5,0.4,0.3,0.3,0.1,0.1,0.7,0.3,1.9,-1.5,0,0,5,"2,035,461,610,612,740"
203552,Seth Curry,1610612756,PHX,24,2,2,0,1,3.9,0,1.5,0,0,0.5,0,0,0,0,0,1,1,0.5,0,0,0,0,1,0,0,-2,0,0,5,"2,035,521,610,612,750"
203561,Brandon Davies,1610612751,BKN,23,27,6,21,0.222,15.7,2,5.1,0.401,0.3,1.3,0.235,0.9,1.4,0.649,1.4,1.7,3.1,1.1,1.1,0.7,0.3,0.5,2.2,1.6,5.3,-6,0,0,5,"2,035,611,610,612,750"
203564,Kalin Lucas,1610612763,MEM,26,1,0,1,0,5.5,0,1,0,0,0,0,0,0,0,0,0,0,0,0,1,0,0,1,0,0,-7,0,0,5,"2,035,641,610,612,760"
203565,Patrick Christopher,1610612762,UTA,27,4,2,2,0.5,7.2,0.8,3,0.25,0,1,0,0,0,0,0.5,1,1.5,0,0.3,0.3,0,0.5,1.5,0.3,1.5,-4.5,0,0,5,"2,035,651,610,612,760"
203580,Larry Drew,1610612755,PHI,25,12,4,8,0.333,18.3,1.7,4.8,0.345,0.3,2.2,0.154,0.2,0.3,0.667,0.1,1.2,1.3,3.8,2.1,0.5,0,0,1.1,1.5,3.8,-6.1,0,0,5,"2,035,801,610,612,750"
203584,Troy Daniels,1610612766,CHA,23,47,15,32,0.319,8.5,1.3,3.5,0.37,0.9,2.5,0.364,0.2,0.3,0.846,0.2,0.5,0.7,0.5,0.4,0.1,0,0.2,0.9,0.4,3.7,-1.8,0,0,5,"2,035,841,610,612,760"
203798,PJ Hairston,1610612766,CHA,22,45,19,26,0.422,15.3,1.9,6,0.323,1.1,3.6,0.301,0.7,0.8,0.861,0.5,1.6,2,0.5,0.5,0.5,0.3,0.2,1.4,0.8,5.6,-2.3,1,0,5,"2,037,981,610,612,760"
203805,Will Cherry,1610612739,CLE,24,8,6,2,0.75,8.7,0.6,2.4,0.263,0.3,1.1,0.222,0.4,0.8,0.5,0.1,0.5,0.6,1,0.5,0.8,0.1,0.3,1.3,0.5,1.9,-0.9,0,0,5,"2,038,051,610,612,730"
203893,Russ Smith,1610612763,MEM,24,12,7,5,0.583,5.4,0.7,2.1,0.32,0.2,0.9,0.182,1,1.1,0.923,0.1,0.4,0.5,0.7,1,0.3,0,0.1,1.1,0.6,2.5,1.8,0,0,5,"2,038,931,610,612,760"
203894,Shabazz Napier,1610612748,MIA,23,51,24,27,0.471,19.8,1.7,4.5,0.382,0.8,2.3,0.364,0.9,1.1,0.786,0.3,1.9,2.2,2.5,1.6,0.8,0.1,0.2,1.5,1.5,5.1,-0.7,0,0,5,"2,038,941,610,612,740"
203897,Zach LaVine,1610612750,MIN,20,77,15,62,0.195,24.7,3.7,8.8,0.422,0.7,2.2,0.341,1.9,2.3,0.842,0.4,2.4,2.8,3.6,2.5,0.7,0.1,0.5,2.1,1.8,10.1,-7,4,0,5,"2,038,971,610,612,750"
203898,Tyler Ennis,1610612749,MIL,20,33,11,22,0.333,12.5,1.6,4.4,0.361,0.4,1.3,0.279,0.2,0.2,0.714,0.2,0.8,1.1,2.2,1.3,0.5,0.2,0.2,1.1,0.6,3.7,-1.9,0,0,5,"2,038,981,610,612,740"
203900,Markel Brown,1610612751,BKN,23,47,23,24,0.489,16.6,1.6,4.5,0.362,0.4,1.4,0.266,1,1.2,0.825,0.3,1.9,2.3,0.8,0.6,0.7,0.3,0.3,1.2,1.3,4.6,-0.5,1,0,5,"2,039,001,610,612,750"
203901,Elfrid Payton,1610612753,ORL,21,82,25,57,0.305,30.4,3.7,8.6,0.425,0.1,0.5,0.262,1.4,2.6,0.551,1.3,3,4.3,6.5,2.5,1.7,0.2,1.2,2.4,2.6,8.9,-2.5,12,2,5,"2,039,011,610,612,750"
203903,Jordan Clarkson,1610612747,LAL,23,59,11,48,0.186,25,4.5,10.1,0.448,0.6,2.1,0.314,2.2,2.7,0.829,0.9,2.3,3.2,3.5,1.6,0.9,0.2,0.7,1.8,2.3,11.9,-4.1,2,0,5,"2,039,031,610,612,740"
203906,Devyn Marble,1610612753,ORL,22,16,3,13,0.188,13,0.9,2.8,0.318,0.3,1.4,0.182,0.3,1,0.313,0.3,1.6,1.9,1.1,0.6,0.6,0.1,0.2,0.9,0.6,2.3,-1,0,0,5,"2,039,061,610,612,750"
203909,KJ McDaniels,1610612745,HOU,22,62,19,43,0.306,21.8,2.8,7,0.396,0.7,2.4,0.287,1.6,2.1,0.752,1,2.2,3.2,1.2,1.7,0.7,1.1,0.5,2,1.5,7.9,-4.2,1,0,5,"2,039,091,610,612,740"
203910,Nick Johnson,1610612745,HOU,22,28,18,10,0.643,9.4,0.9,2.7,0.347,0.2,0.8,0.238,0.6,0.9,0.68,0.5,0.9,1.4,0.4,0.7,0.3,0.1,0.3,1.2,0.6,2.6,-1.7,0,0,5,"2,039,101,610,612,740"
203912,CJ Wilcox,1610612746,LAC,24,21,15,6,0.714,4.8,0.8,1.8,0.421,0.3,0.9,0.368,0.1,0.1,1,0,0.3,0.3,0.4,0.5,0.1,0,0,0.3,0.1,2,-0.9,0,0,5,"2,039,121,610,612,740"
203913,Jabari Brown,1610612747,LAL,22,19,4,15,0.211,29.9,3.7,8.9,0.412,1.2,3.3,0.371,3.4,4.5,0.753,0.2,1.7,1.9,2.1,1.7,0.6,0.1,0.6,1.7,3.4,11.9,-6.7,0,0,5,"2,039,131,610,612,740"
203914,Gary Harris,1610612743,DEN,20,55,18,37,0.327,13.1,1.2,3.9,0.304,0.4,1.9,0.204,0.6,0.9,0.745,0.4,0.8,1.2,0.5,0.7,0.7,0.1,0.3,1.3,0.7,3.4,-3.2,0,0,5,"2,039,141,610,612,740"
203915,Spencer Dinwiddie,1610612765,DET,22,34,12,22,0.353,13.4,1.5,5,0.302,0.4,1.9,0.185,0.9,1,0.912,0.1,1.3,1.4,3.1,1,0.6,0.2,0.2,1.6,1.1,4.3,-2.1,1,0,5,"2,039,151,610,612,760"
203917,Nik Stauskas,1610612758,SAC,21,73,26,47,0.356,15.4,1.5,4.1,0.365,0.7,2,0.322,0.8,0.9,0.859,0.2,1.1,1.2,0.9,0.5,0.3,0.2,0.3,1.3,0.7,4.4,-1.8,0,0,5,"2,039,171,610,612,750"
203918,Rodney Hood,1610612762,UTA,22,50,27,23,0.54,21.3,3.1,7.5,0.414,1.2,3.4,0.365,1.2,1.6,0.763,0.2,2.2,2.3,1.7,0.9,0.6,0.2,0.2,2.4,1,8.7,1.2,0,0,5,"2,039,181,610,612,760"
203919,Jordan Adams,1610612763,MEM,20,30,14,16,0.467,8.3,1.2,2.9,0.407,0.3,0.8,0.4,0.5,0.8,0.609,0.3,0.6,0.9,0.5,0.5,0.5,0.2,0.3,0.8,0.7,3.1,0.5,0,0,5,"2,039,191,610,612,760"
203921,Cleanthony Early,1610612752,NYK,24,39,6,33,0.154,16.6,1.9,5.5,0.355,0.6,2.2,0.262,0.9,1.2,0.75,0.6,1.9,2.5,0.9,1,0.6,0.3,0.4,1.5,1.1,5.4,-4.1,0,0,5,"2,039,211,610,612,750"
203922,Glenn Robinson,1610612755,PHI,21,35,2,33,0.057,7.5,0.7,1.9,0.388,0.1,0.5,0.263,0.5,0.7,0.667,0.4,0.7,1.1,0.3,0.3,0.2,0,0.1,0.4,0.5,2.1,0.8,0,0,5,"2,039,221,610,612,750"
203923,James Young,1610612738,BOS,19,31,14,17,0.452,10.7,1.2,3.3,0.353,0.5,2.1,0.258,0.5,0.9,0.552,0.3,1.1,1.4,0.4,0.2,0.3,0.1,0,0.7,0.6,3.4,0.1,0,0,5,"2,039,231,610,612,730"
203924,Jerami Grant,1610612755,PHI,21,65,18,47,0.277,21.2,1.9,5.4,0.352,0.8,2.4,0.314,1.8,3,0.591,0.8,2.3,3,1.2,1.3,0.6,1,0.5,2.2,2.1,6.3,-2.7,0,0,5,"2,039,241,610,612,750"
203925,Joe Harris,1610612739,CLE,23,51,32,19,0.627,9.7,0.9,2.4,0.4,0.6,1.6,0.369,0.2,0.3,0.6,0.1,0.7,0.8,0.5,0.5,0.1,0,0.1,1.2,0.2,2.7,-2,0,0,5,"2,039,251,610,612,730"
203926,Doug McDermott,1610612741,CHI,23,36,23,13,0.639,8.9,1.2,3,0.402,0.4,1.1,0.317,0.3,0.4,0.667,0.2,1,1.2,0.2,0.5,0.1,0,0.2,0.8,0.5,3,-2.3,0,0,5,"2,039,261,610,612,740"
203928,Cory Jefferson,1610612751,BKN,24,50,18,32,0.36,10.6,1.5,3.3,0.449,0,0.3,0.133,0.6,1.1,0.574,0.9,2,2.9,0.3,0.4,0.2,0.4,0.3,1.2,0.8,3.7,1.5,1,0,5,"2,039,281,610,612,750"
203930,Sean Kilpatrick,1610612750,MIN,25,4,2,2,0.5,17.9,1.8,5,0.35,1,3.3,0.308,1,1,1,0.3,1.3,1.5,1,0.5,0.8,0,0.3,0.8,0.8,5.5,4.3,0,0,5,"2,039,301,610,612,750"
203932,Aaron Gordon,1610612753,ORL,19,47,14,33,0.298,17,2,4.4,0.447,0.3,1,0.271,0.9,1.3,0.721,1,2.6,3.6,0.7,0.8,0.4,0.5,0.3,1.8,1.1,5.2,-3.5,1,0,5,"2,039,321,610,612,750"
203933,TJ Warren,1610612756,PHX,21,40,17,23,0.425,15.4,2.8,5.4,0.528,0.1,0.5,0.238,0.4,0.5,0.737,1,1.1,2.1,0.6,0.7,0.5,0.2,0.2,1.3,0.6,6.1,-2.4,0,0,5,"2,039,331,610,612,750"
203935,Marcus Smart,1610612738,BOS,21,67,35,32,0.522,27,2.6,7.1,0.367,1.4,4.1,0.335,1.2,1.9,0.646,0.9,2.4,3.3,3.1,1.3,1.5,0.3,0.3,2.6,2.3,7.8,0.9,0,0,5,"2,039,351,610,612,730"
203937,Kyle Anderson,1610612759,SAS,21,33,22,11,0.667,10.9,0.9,2.7,0.348,0.1,0.3,0.273,0.3,0.4,0.643,0.2,2,2.2,0.8,0.3,0.5,0.2,0.2,0.8,0.4,2.2,-1.1,0,0,5,"2,039,371,610,612,750"
203939,Dwight Powell,1610612742,DAL,23,29,11,18,0.379,8.2,1.1,2.3,0.463,0.1,0.4,0.273,0.9,1.1,0.758,0.6,1.1,1.7,0.3,0.4,0.3,0.2,0.2,1.4,1,3.1,0,0,0,5,"2,039,391,610,612,740"
203940,Adreian Payne,1610612750,MIN,24,32,7,25,0.219,23.1,2.8,6.9,0.414,0,0.3,0.111,0.9,1.4,0.652,1.5,3.6,5.1,0.9,1.4,0.6,0.3,0.3,2.8,1.3,6.7,-7.7,3,0,5,"2,039,401,610,612,750"
203943,Noah Vonleh,1610612766,CHA,19,25,8,17,0.32,10.3,1.2,3,0.395,0.2,0.5,0.385,0.7,1,0.692,1.1,2.3,3.4,0.2,0.4,0.2,0.4,0.5,0.8,1,3.3,-2.7,1,0,5,"2,039,431,610,612,760"
203944,Julius Randle,1610612747,LAL,20,1,0,1,0,13.6,1,3,0.333,0,0,0,0,2,0,0,0,0,0,1,0,0,0,1,1,2,-18,0,0,5,"2,039,441,610,612,740"
203945,Alex Kirk,1610612739,CLE,23,5,2,3,0.4,2.8,0.2,0.8,0.25,0,0,0,0.4,0.4,1,0.2,0,0.2,0.2,0,0,0,0,0.2,0.2,0.8,-2.8,0,0,5,"2,039,451,610,612,730"
203946,Cameron Bairstow,1610612741,CHI,24,18,12,6,0.667,3.5,0.2,0.8,0.214,0,0,0,0.2,0.3,0.8,0.3,0.1,0.4,0.1,0.2,0.1,0.1,0.1,0.4,0.2,0.6,-1.1,0,0,5,"2,039,461,610,612,740"
203948,Johnny O'Bryant,1610612749,MIL,22,34,17,17,0.5,10.8,1.3,3.5,0.367,0,0,0,0.4,0.8,0.444,0.8,1.1,1.9,0.5,0.7,0.1,0.1,0.3,1.3,0.7,2.9,-2.9,0,0,5,"2,039,481,610,612,740"
203949,James Michael McAdoo,1610612744,GSW,22,15,11,4,0.733,9.1,1.6,2.9,0.545,0,0,0,0.9,1.7,0.56,1,1.5,2.5,0.1,0.4,0.3,0.6,0.2,1.4,1.3,4.1,0.7,0,0,5,"2,039,491,610,612,740"
203950,Jarnell Stokes,1610612763,MEM,21,19,12,7,0.632,6.6,1.1,1.9,0.568,0,0,0,0.8,1.5,0.536,0.8,0.9,1.8,0.2,0.4,0.3,0.3,0.3,1.3,1.2,3,0.7,0,0,5,"2,039,501,610,612,760"
203952,Andrew Wiggins,1610612750,MIN,20,82,16,66,0.195,36.2,6.1,13.9,0.437,0.5,1.5,0.31,4.3,5.7,0.76,1.6,2.9,4.6,2.1,2.2,1,0.6,0.8,2.3,4.6,16.9,-6.7,2,0,5,"2,039,521,610,612,750"
203953,Jabari Parker,1610612749,MIL,20,25,13,12,0.52,29.5,5.2,10.5,0.49,0.2,0.6,0.25,1.8,2.6,0.697,2,3.5,5.5,1.7,1.9,1.2,0.2,0.8,1.7,2.4,12.3,-4.7,2,0,5,"2,039,531,610,612,740"
203955,Bryce Cotton,1610612762,UTA,22,15,9,6,0.6,10.6,1.9,4.6,0.42,0.5,1.3,0.35,1,1.2,0.833,0.2,1,1.2,1,0.8,0.3,0,0.3,0.4,1,5.3,0.1,0,0,5,"2,039,551,610,612,760"
203956,Mitch McGary,1610612760,OKC,23,32,20,12,0.625,15.2,2.8,5.2,0.533,0,0.1,0,0.8,1.3,0.625,1.7,3.5,5.2,0.4,1,0.5,0.5,0.4,2.3,0.9,6.3,1.5,3,0,5,"2,039,561,610,612,760"
203957,Dante Exum,1610612762,UTA,19,82,38,44,0.463,22.2,1.8,5.1,0.349,1,3.2,0.314,0.2,0.4,0.625,0.3,1.3,1.6,2.4,1.4,0.5,0.2,0,1.8,0.8,4.8,1.1,0,0,5,"2,039,571,610,612,760"
203958,Andre Dawkins,1610612748,MIA,23,4,2,2,0.5,5.4,0.3,1.5,0.167,0.3,1.5,0.167,0,0,0,0,0.5,0.5,0.3,0.3,0,0,0,0.8,0,0.8,-1,0,0,5,"2,039,581,610,612,740"
203960,JaKarr Sampson,1610612755,PHI,22,74,17,57,0.23,15.3,2,4.7,0.422,0.4,1.7,0.244,0.9,1.3,0.67,0.5,1.7,2.2,1,1,0.5,0.4,0.4,1.8,1.1,5.2,-4.5,0,0,5,"2,039,601,610,612,750"
203961,Eric Moreland,1610612758,SAC,23,3,0,3,0,0.7,0.3,0.3,1,0,0,0,0,0,0,0,0.3,0.3,0,0,0,0,0,0.3,0,0.7,0.3,0,0,5,"2,039,611,610,612,750"
203963,Shayne Whittington,1610612754,IND,24,20,9,11,0.45,5.4,1,2.1,0.452,0.1,0.3,0.167,0.9,1.2,0.783,0.5,1,1.5,0.3,0.3,0.3,0.1,0.4,0.9,0.8,2.9,0.8,0,0,5,"2,039,631,610,612,750"
203968,Jerrelle Benimon,1610612762,UTA,23,2,2,0,1,1.4,0,0,0,0,0,0,0,0,0,0.5,1,1.5,0,0.5,0,0,0,0,0,0,3,0,0,5,"2,039,681,610,612,760"
203991,Clint Capela,1610612745,HOU,21,12,8,4,0.667,7.5,1.2,2.4,0.483,0,0,0,0.3,1.9,0.174,0.8,2.2,3,0.2,0.4,0.1,0.8,0.3,1.2,1.1,2.7,0.7,0,0,5,"2,039,911,610,612,740"
203994,Jusuf Nurkic,1610612743,DEN,20,62,21,41,0.339,17.8,2.8,6.2,0.446,0,0,0,1.4,2.1,0.636,2,4.1,6.2,0.8,1.4,0.8,1.1,0.6,3.3,1.9,6.9,-0.1,4,0,5,"2,039,941,610,612,740"
203998,Bruno Caboclo,1610612761,TOR,19,8,7,1,0.875,2.9,0.5,1.5,0.333,0.3,0.4,0.667,0,0,0,0.1,0.1,0.3,0,0.5,0,0.1,0,0.4,0,1.3,-3.4,0,0,5,"2,039,981,610,612,760"
204014,Damjan Rudez,1610612754,IND,29,68,28,40,0.412,15.4,1.8,3.9,0.452,1,2.5,0.406,0.2,0.3,0.696,0.1,0.6,0.7,0.8,0.7,0.2,0.1,0.1,1.2,0.4,4.8,0.5,0,0,5,"2,040,141,610,612,750"
204020,Tyler Johnson,1610612748,MIA,23,32,15,17,0.469,18.8,2.2,5.2,0.419,0.6,1.5,0.375,1,1.5,0.681,0.4,2.1,2.5,1.3,0.9,1,0.3,0.3,1.3,1.2,5.9,-2,1,0,5,"2,040,201,610,612,740"
204021,Sim Bhullar,1610612758,SAC,22,3,1,2,0.333,0.9,0.3,0.7,0.5,0,0,0,0,0,0,0,0.3,0.3,0.3,0,0,0.3,0,0,0,0.7,0.3,0,0,5,"2,040,211,610,612,750"
204022,Jack Cooley,1610612762,UTA,24,16,10,6,0.625,5.4,0.6,1.4,0.409,0,0,0,0.6,1.3,0.429,0.6,0.9,1.6,0.1,0.2,0.4,0.2,0.1,1.4,1.1,1.7,-0.3,0,0,5,"2,040,221,610,612,760"
204025,Tim Frazier,1610612757,POR,24,11,3,8,0.273,21.8,1.9,5.5,0.344,0.5,1.5,0.294,0.9,1.9,0.476,0.5,2,2.5,5.5,2.3,0.7,0,0.2,2.4,2,5.2,-0.5,1,0,5,"2,040,251,610,612,750"
204028,Tarik Black,1610612747,LAL,23,63,25,38,0.397,19,2.5,4.3,0.575,0,0,0,1,1.9,0.551,2.3,3.6,5.8,0.7,0.8,0.3,0.4,0.5,2.5,1.5,6,-1.2,5,0,5,"2,040,281,610,612,740"
204033,David Wear,1610612758,SAC,24,2,0,2,0,3.5,0,1,0,0,0.5,0,0,0,0,1,0,1,0.5,0,0,0,0,0.5,0,0,-4.5,0,0,5,"2,040,331,610,612,750"
204037,Travis Wear,1610612752,NYK,24,51,7,44,0.137,13.2,1.6,4.1,0.402,0.2,0.6,0.367,0.4,0.5,0.769,0.6,1.5,2.1,0.8,0.7,0.3,0.2,0.1,1.1,0.5,3.9,-1.6,0,0,5,"2,040,371,610,612,750"
204038,Langston Galloway,1610612752,NYK,23,45,12,33,0.267,32.4,4.5,11.4,0.399,1.4,3.9,0.352,1.4,1.7,0.808,0.8,3.4,4.2,3.3,1.4,1.2,0.3,0.5,2.9,2,11.8,-6,0,0,5,"2,040,381,610,612,750"
204054,Zoran Dragic,1610612748,MIA,26,16,6,10,0.375,4.7,0.7,1.9,0.367,0.2,0.9,0.214,0.2,0.3,0.6,0.3,0.2,0.5,0.3,0.3,0.1,0,0.1,0.4,0.5,1.8,-0.9,0,0,5,"204054,1610612748}}"
204060,Joe Ingles,1610612762,UTA,27,79,36,43,0.456,21.2,1.9,4.5,0.415,0.9,2.6,0.356,0.4,0.5,0.75,0.3,1.9,2.2,2.3,1.2,0.9,0.1,0.1,1.6,0.8,5,-0.6,0,0,5,"2,040,601,610,612,760"
204065,David Stockton,1610612758,SAC,24,3,1,2,0.333,11,0.7,2,0.333,0.3,0.7,0.5,1,2,0.5,0,0.7,0.7,3,1.3,0.7,0,0,0.3,1,2.7,7.7,0,0,5,"2,040,651,610,612,750"
204079,Drew Gordon,1610612755,PHI,24,9,0,9,0,7.9,0.9,2.1,0.421,0,0.3,0,0.1,0.2,0.5,0.8,1.2,2,0.2,0.9,0.1,0,0.1,0.8,0.8,1.9,-3.8,0,0,5,"2,040,791,610,612,750"
